Lead Service Address,x,y
1 ALDIE ST ALLSTON,754323.4494244158,2956106.9901780635
1 ARCADIA ST ROXBURY,764157.5211892426,2940515.40233247
1 BELLINGHAM PL BOSTON,772465.7056517452,2956449.097761482
1 BOYLSTON ST JAMAICA PLAIN,761254.2420245409,2941580.658168122
1 CENTERVALE PARK DORCHESTER,774073.5951452702,2933170.1724452823
1 COPLEY ST ROXBURY,764133.457455501,2940607.8653862327
1 F ST SOUTH BOSTON,777405.3844086826,2946841.4311540127
1 FOSTER ST BOSTON,776590.5451477319,2959154.3414756954
1 HARBELL TER DORCHESTER,775736.7265331149,2935224.8507255614
1 HILARY ST CHARLESTOWN,774450.0610011518,2962707.6662367135
1 HILLSIDE AV JAMAICA PLAIN,760778.4049296379,2933709.229838103
1 LINDEN ST BOSTON,779239.6237190813,2947235.708176747
1 MONKS ST SOUTH BOSTON,782510.9947877228,2946666.081368625
1 MOODY ST DORCHESTER,771907.1191179901,2929927.8055333644
1 MOORE ST EAST BOSTON,785835.8952199221,2965398.3188136965
1 MOUNT PLEASANT TER ROXBURY,769798.2489004582,2944400.5162480325
1 PAMA GDNS BRIGHTON,748687.5568985492,2950027.9831103683
1 ROSLYN PL JAMAICA PLAIN,762594.1242312193,2941074.0439043194
1 SHEPARD PL BRIGHTON,750369.7716794312,2951425.9824970216
1 SWIFT TER EAST BOSTON,785332.9666924924,2964060.8501172066
1 VICTORIA ST DORCHESTER,775902.1770257205,2940391.8990157247
1 WABENO ST ROXBURY,767908.5675023049,2940242.9303088486
1 WABON ST ROXBURY,768594.6025543958,2939861.7169656307
10 ARDMORE RD WEST ROXBURY,751346.2126992345,2930737.7128387243
10 BARTLETT ST CHARLESTOWN,774516.4308678657,2962799.1135053933
10 BASTO TER ROSLINDALE,755761.3880045116,2930535.7736164033
10 BOWDOIN PARK DORCHESTER,773000.4244114906,2936946.8414001167
10 BRIGHTON ST CHARLESTOWN,770065.5307129323,2964948.4754139483
10 CALTHA RD BRIGHTON,746254.6213033944,2949699.2627819628
10 COTTAGE ST EAST BOSTON,781343.8535013497,2958748.0876241624
10 CUSHING AV DORCHESTER,773906.4992562383,2940610.0711428076
10 DEVON ST ROXBURY,769160.7042042464,2938744.633410573
10 ELDORA ST ROXBURY,762238.3021884412,2945942.3364674
10 GLENVILLE TER ALLSTON,755919.6145989597,2953386.134098232
10 GLOVER CT SOUTH BOSTON,776094.92368038,2945900.443119988
10 GOODWAY RD JAMAICA PLAIN,760152.3045235276,2930831.176557213
10 GRANT RD ROXBURY,771036.4346607625,2935873.889306605
10 HARTLEY TER ALLSTON,757317.197268784,2954584.684584126
10 HENDRY ST DORCHESTER,773868.4612955153,2937915.929696396
10 HIGGINS ST ALLSTON,754677.0242808461,2953822.5642359853
10 HOUGHTON ST DORCHESTER,777163.0478463173,2933155.1056218594
10 JOY ST BOSTON,773680.9393264055,2956049.142140314
10 KEVIN RD DORCHESTER,774726.7316434234,2940697.6288527995
10 LEAMINGTON RD BRIGHTON,750941.5540445745,2949884.515791431
10 LEXINGTON AV CHARLESTOWN,775167.9700523019,2962933.089478582
10 LINCOLN ST BRIGHTON,751631.3044689298,2956006.4105207324
10 LINLEY TER SOUTH BOSTON,780770.1236352026,2947788.421361968
10 MOUNT HOOD RD BRIGHTON,752934.8948128521,2949708.217355311
10 NEPONSET AV DORCHESTER,776353.4774223417,2933607.880554974
10 NOTTINGHAM ST ROXBURY,771476.5961983502,2935067.8234772235
10 OPHIR ST JAMAICA PLAIN,763248.2743975967,2938459.6728855073
10 QUINT AV ALLSTON,755144.0319989026,2953758.0623372495
10 RONAN ST DORCHESTER,773316.4409247041,2938742.1576045454
10 SAVIN HILL AV DORCHESTER,775598.3971089125,2939389.42589508
10 THWING ST ROXBURY,765880.3023556769,2943199.5398532897
10 TRESCOTT ST DORCHESTER,775043.7932751924,2940350.073407471
10 TRULL ST DORCHESTER,773739.6102135777,2939155.615395382
10 WAUMBECK ST ROXBURY,768529.2693388462,2939471.680596113
10 WOODBOURNE RD JAMAICA PLAIN,760927.2396702319,2931567.9461274445
10 WOODMAN ST JAMAICA PLAIN,759801.9115934223,2937098.670877129
10 WYOMING ST ROXBURY,768452.2837771922,2940038.8385535777
100 CRAWFORD ST ROXBURY,766885.6395729184,2939542.9645763934
100 L ST SOUTH BOSTON,781852.8002302796,2947138.348246604
100 MYRTLE ST BOSTON,772927.3764912486,2956206.246200025
101 ADDINGTON RD WEST ROXBURY,747340.6896952391,2931305.4849847853
101 DAKOTA ST DORCHESTER,772966.2856864929,2934524.434709102
101 DAY ST JAMAICA PLAIN,761727.2516140938,2943228.562154442
101 FANEUIL ST BRIGHTON,749454.2070009708,2954906.3328226954
101 KILSYTH RD BRIGHTON,751893.5880987048,2949337.4170943648
101 LANARK RD BRIGHTON,751330.469996199,2949403.2955497056
101 RADCLIFFE ST DORCHESTER,770270.4816064537,2933911.805022314
101 RUTHERFORD AV CHARLESTOWN,773845.6522483677,2961510.4738606215
101 SYDNEY ST DORCHESTER,777234.1246778071,2940175.475405857
102 ALLSTON ST ALLSTON,754419.2217178494,2952723.8579536527
102 COLBORNE RD BRIGHTON,751060.4311392009,2950725.4043904096
102 LAWRENCE AV ROXBURY,771196.4584599584,2938622.9895944
102 PARIS ST EAST BOSTON,781062.5176264644,2961094.047340378
103 ADDISON ST EAST BOSTON,786482.9321691096,2965878.6817315966
103 BROOKS ST EAST BOSTON,782044.7052862793,2963038.9409969747
103 HOMES AV DORCHESTER,773386.0556184053,2935841.0146428198
103 HUMMINGBIRD LN MATTAPAN,765639.9160159975,2930671.604554057
104 BOSTON ST DORCHESTER,775527.9005964249,2944141.2730181366
104 CHESTNUT ST BOSTON,772089.1554243118,2955264.395096451
104 HAMMOND ST ROXBURY,768692.4139781594,2948012.4840747863
104 LEXINGTON ST EAST BOSTON,781495.8740995824,2963262.2322695553
104 SCHOOL ST ROXBURY,764256.4790379107,2940079.765710667
104 WALTER ST ROSLINDALE,755951.1136133522,2931559.9725623727
104 WESTCHESTER RD JAMAICA PLAIN,756079.7058349103,2936105.4889088124
1044 SOUTH ST ROSLINDALE,752981.5017780066,2930056.48908183
1047 SARATOGA ST EAST BOSTON,789931.3171688169,2966001.7637954056
1049 TREMONT ST ROXBURY,768149.0757120103,2947945.0164707154
105 CUSHING AV DORCHESTER,774466.8854139894,2939477.922881186
105 DORCHESTER ST SOUTH BOSTON,778873.6779975295,2947591.4854632914
105 KENRICK ST BRIGHTON,746228.4972708225,2951548.295539856
105 MYRTLE ST BOSTON,772830.1154482067,2956273.1867087185
105 NEPONSET AV DORCHESTER,776988.338256523,2932802.7289019227
106 BARTLETT ST CHARLESTOWN,773395.1743987501,2963464.8510003835
106 BELGRADE AV ROSLINDALE,755022.1895013303,2929502.5556844026
106 FLOYD ST DORCHESTER,768373.9573429525,2930369.533539146
106 H ST SOUTH BOSTON,780178.1253628433,2947126.704367906
106 OAKTON AV DORCHESTER,778086.236507386,2930103.8638583273
1069 SARATOGA ST EAST BOSTON,790194.684020415,2965870.2448790073
107 BEACON ST BOSTON,771576.8029878885,2954687.531991482
107 BELGRADE AV ROSLINDALE,755010.5915884823,2929636.2449757606
107 GLENVILLE AV ALLSTON,754657.7896843106,2952513.8861968964
107 LANARK RD BRIGHTON,751275.6520764828,2949414.3031641096
107 MONTCLAIR AV WEST ROXBURY,753702.461813271,2931798.598893374
107 STOUGHTON ST DORCHESTER,774638.4587409049,2940267.9436005354
107 TOWNSEND ST ROXBURY,767133.3843818754,2941129.2017294914
107 UNION ST BRIGHTON,750257.3576269746,2951349.082516551
107 WINTHROP ST ROXBURY,770498.9633926153,2943326.208766401
108 ADAMS ST DORCHESTER,774871.6109005958,2936531.497194499
108 CUSHING AV DORCHESTER,774518.7370235622,2939590.4705975205
108 DEVON ST ROXBURY,770375.2889135033,2937880.070880443
108 DRAPER ST DORCHESTER,773699.3187159896,2936493.222751513
108 GOODENOUGH ST BRIGHTON,749906.0236063302,2954233.9326969236
108 SPENCER ST DORCHESTER,770953.6770569235,2932226.419806555
1081 DORCHESTER AV DORCHESTER,775909.8521150947,2939677.710175365
109 BLUE HILL AV ROXBURY,770365.5976767242,2942344.091567397
109 CALUMET ST ROXBURY,763468.6846387982,2945934.4499955326
109 CHANDLER ST BOSTON,771444.0118452907,2951552.05173707
109 HAROLD ST DORCHESTER,767099.1836634427,2941094.987100348
109 HARRISHOF ST ROXBURY,767443.2284660339,2940818.4156475663
1095 SARATOGA ST EAST BOSTON,790510.635818541,2965729.5745223165
1096 BOYLSTON ST BOSTON,767435.7650615424,2951678.7127875835
11 1/2 JOY ST BOSTON,773755.2921328098,2956073.227042556
11 A FOREST ST ROXBURY,770041.5244365185,2944590.883564517
11 A MOUNT VERNON ST DORCHESTER,775349.4208987057,2942778.683977887
11 ALLSTON ST DORCHESTER,773409.915227443,2931856.8201013505
11 ASHFORD TER ALLSTON,757235.7460631132,2954593.3285855055
11 ASHTON ST DORCHESTER,767337.8214859217,2930411.9857346863
11 ATKINS ST BRIGHTON,745288.9553470165,2953528.8042723536
11 BAY STATE RD BOSTON,766092.2164725363,2952894.0764972568
11 BENNINGTON ST EAST BOSTON,780959.9327083826,2962021.088968888
11 BURGOYNE ST DORCHESTER,776262.9183229804,2929590.3671138585
11 CALDER ST DORCHESTER,767676.0679368973,2933543.307590589
11 CARROLL ST WEST ROXBURY,746173.3167651147,2929706.8331175596
11 CERDAN AV WEST ROXBURY,753349.9729003161,2932003.055049062
11 CERINA RD JAMAICA PLAIN,762349.4400833994,2939260.3561728895
11 CHASE ST DORCHESTER,775286.1265110672,2941334.3446514457
11 CLEMENTINE PARK DORCHESTER,773775.9241520464,2931942.7018718123
11 CONGREVE ST ROSLINDALE,754481.6073724777,2930336.700305119
11 CRANSTON ST JAMAICA PLAIN,761758.1222267598,2942361.478154838
11 DITSON ST DORCHESTER,774268.4259888977,2934859.4118381143
11 DURLAND ST BRIGHTON,746519.000311181,2954704.4716213793
11 EASTBURN ST BRIGHTON,748953.2060156912,2952174.0209612995
11 EASTON ST ALLSTON,756177.1195934862,2956625.1228216887
11 EDGEWOOD ST ROXBURY,769581.1028402895,2941345.5954010785
11 EDISON GRN DORCHESTER,775861.6871491373,2941869.255137235
11 ELM LAWN DORCHESTER,774985.2001066208,2932707.168293372
11 FAWNDALE RD ROSLINDALE,758165.8211361468,2931023.53794536
11 GASTON ST ROXBURY,769066.1645216942,2939530.2916066945
11 GLADE AV JAMAICA PLAIN,764137.5810772032,2937467.021641463
11 GLEASON ST ROXBURY,769440.4832879603,2933496.3867269754
11 GREYCLIFF RD BRIGHTON,747808.8734740615,2949339.099384442
11 GROOM ST DORCHESTER,773385.4746945798,2942067.8046796024
11 HALF MOON ST DORCHESTER,772040.3109498471,2940754.6873059124
11 HAVRE ST EAST BOSTON,780257.4373414665,2960132.5491571277
11 HIGHGATE ST ALLSTON,755623.7852643132,2954711.1992696673
11 HIGHLAND AV ROXBURY,766356.2546676397,2945074.0827575624
11 ISABELLA ST BOSTON,772412.0855661035,2952444.7326738536
11 ISLINGTON ST ALLSTON,754332.7708174437,2953773.598496318
11 KENBERMA RD DORCHESTER,771736.5960505456,2933155.808718115
11 LEE HILL RD ROSLINDALE,757237.8601903766,2930534.5168129653
11 LOCUST ST DORCHESTER,776161.8660035133,2943132.169624254
11 MERLIN ST DORCHESTER,771188.5895276964,2933116.600744754
11 MEYER ST ROSLINDALE,760296.2012603879,2930527.1562268436
11 MILLET ST DORCHESTER,770375.015839994,2933321.759694293
11 MOHAWK ST SOUTH BOSTON,776262.8829413652,2945190.879896924
11 NEWPORT ST DORCHESTER,776751.900444895,2941425.906229973
11 OAKLEY ST DORCHESTER,772183.1713379622,2935115.4301998913
11 PEARL ST DORCHESTER,775870.0819671452,2940163.6661105305
11 PRICE RD ALLSTON,754797.5567513406,2952773.591504663
11 PRISCILLA RD BRIGHTON,750133.003336966,2950853.5916890204
11 ROCK TER ROXBURY,772109.1889801174,2937060.2633750737
11 ROYCE RD ALLSTON,755695.0175329894,2952420.32238169
11 SARATOGA ST EAST BOSTON,780861.4889515936,2962254.953901857
11 THANE ST DORCHESTER,770951.3845095336,2933143.31689021
11 TILESTON ST BOSTON,776836.1764342338,2958508.70860216
11 TORREY ST DORCHESTER,772002.7217611074,2930254.0300968885
11 WABON ST ROXBURY,768416.0959424376,2939908.7527439
11 WADSWORTH ST ALLSTON,757118.4475329816,2954600.9909737855
11 WALLINGFORD RD BRIGHTON,750485.5270267129,2949662.222764313
11 WELLINGTON ST BOSTON,769269.4751597047,2949812.2362873405
11 WHEATLAND AV DORCHESTER,771796.5972260535,2932423.561039582
11 WHITBY TER DORCHESTER,775000.4595632851,2939915.3086250126
11 WILSON PARK BRIGHTON,751775.5054272413,2949479.958443105
11 WINTHROP ST ROXBURY,769072.1933074296,2944209.5308116823
110 BAYSWATER ST EAST BOSTON,790641.8571664542,2965299.1383934915
110 EVERETT ST EAST BOSTON,782159.9108576626,2959205.0769010633
110 HAROLD ST DORCHESTER,767162.1726200134,2940944.8477759957
110 HOWLAND ST ROXBURY,767079.0826708823,2939811.368016392
110 MOUNT PLEASANT AV ROXBURY,770630.7212105244,2943867.314059347
110 PAUL GORE ST JAMAICA PLAIN,762689.946421802,2941420.416938305
110 SAWYER AV DORCHESTER,774194.5512879491,2939560.5870412737
111 MOUNT IDA RD DORCHESTER,774348.7377250195,2935735.2644307762
111 N ST SOUTH BOSTON,782864.0222875178,2947247.1025696844
111 PINCKNEY ST BOSTON,772351.8013376445,2956104.892380789
111 SHERIDAN ST JAMAICA PLAIN,762683.0533569008,2941544.279514551
111 STRATTON ST DORCHESTER,768541.5627877712,2930456.02042599
1111 BLUE HILL AV DORCHESTER,766815.2292464375,2929694.425358802
1111 BOYLSTON ST BOSTON,766913.5741161257,2951703.610559821
112 BROOKSIDE AV JAMAICA PLAIN,762854.3336514384,2938556.1691412777
112 CHARLES ST BOSTON,772145.003342241,2956126.0257908106
112 GLENWAY ST ROXBURY,769414.4393932521,2934467.4500433058
112 HUTCHINGS ST ROXBURY,766469.0939043313,2938812.0834750384
112 PEMBROKE ST BOSTON,770490.8126170337,2950157.1613966674
112 STATE ST BOSTON,776445.4901920855,2956264.8018701375
112 TALBOT AV DORCHESTER,769127.9949570894,2932240.7000693977
1120 WASHINGTON ST BOSTON,773706.8752618283,2950704.0819760263
1124 BENNINGTON ST EAST BOSTON,790736.1204490215,2966910.648908302
1125 SARATOGA ST EAST BOSTON,790908.1386166215,2965538.6928115487
1126 DORCHESTER AV DORCHESTER,775937.9154836833,2939119.333512053
113 HARRISHOF ST DORCHESTER,767387.533868447,2940840.3694877476
113 KILSYTH RD BROOKLINE,751738.3320481032,2949320.2718277127
113 LASELL ST WEST ROXBURY,746281.3462186456,2930377.938639
113 WILLOW ST WEST ROXBURY,749847.3847742975,2930886.4444585294
114 ALBAN ST DORCHESTER,773243.5287851989,2930533.009616524
114 DRAPER ST DORCHESTER,773664.4233686924,2936566.704323381
114 FENWAY BOSTON,766574.2689382732,2949666.806044638
114 NORWELL ST DORCHESTER,770182.8676487654,2934096.254234016
114 SAXTON ST DORCHESTER,776828.1584153175,2940348.9747628868
114 WHITE ST EAST BOSTON,782519.0965733677,2964114.7039634585
1140 SARATOGA ST EAST BOSTON,791127.4299519658,2965600.406215444
115 BIGELOW ST BRIGHTON,746258.0799321234,2954846.1743955463
115 DUNSTER RD JAMAICA PLAIN,759014.0325203687,2939276.5019844472
115 HUTCHINGS ST ROXBURY,766517.0499070585,2938998.9250284284
115 KILSYTH RD BROOKLINE,751687.5890625566,2949304.0981947184
115 RADCLIFFE ST DORCHESTER,770298.2833929956,2933761.803595558
115 TONAWANDA ST DORCHESTER,772487.2826928198,2933932.394099757
115 TRENTON ST EAST BOSTON,781859.0083433539,2963593.2300250083
115 UNION ST BRIGHTON,750088.2906491905,2951406.7218934745
1151 COMMONWEALTH AV ALLSTON,756858.4788287133,2953110.8959578723
116 ENGLEWOOD AV BRIGHTON,750734.8476784825,2948173.9588227123
116 PRINCE ST JAMAICA PLAIN,758227.0990739614,2939485.5761972666
116 STOUGHTON ST DORCHESTER,774890.3029790074,2940273.7428593636
116 VICTORY RD DORCHESTER,777833.9528719336,2933870.651059985
1163 COMMONWEALTH AV ALLSTON,756664.585144341,2953099.4985408634
117 ACADEMY HILL RD BRIGHTON,749363.6829808354,2951066.1880360395
117 ADDISON ST EAST BOSTON,786631.2144121379,2965841.823460549
117 BUTTONWOOD ST DORCHESTER,776316.6282234937,2942870.2150132954
117 DEVON ST ROXBURY,770470.5316923112,2937620.6014501154
117 DRAPER ST DORCHESTER,773762.8988782167,2936654.222720474
117 HILLSIDE ST ROXBURY,763054.8309972286,2945921.150438562
117 WEST SEVENTH ST SOUTH BOSTON,776896.9690088332,2947726.027844757
118 ELM ST CHARLESTOWN,774558.4224975556,2963918.6955469996
118 F ST SOUTH BOSTON,778231.6664476842,2947923.770262882
118 HOMES AV DORCHESTER,773511.3219678998,2936009.4765042216
118 MOUNT VERNON ST BOSTON,772366.7396380901,2955661.8706779033
1180 MASSACHUSETTS AV DORCHESTER,773971.5294599831,2943496.64867191
1185 DORCHESTER AV DORCHESTER,775709.0971185565,2938383.155449882
119 BRAINERD RD ALLSTON,754718.2242090404,2951558.562559545
119 LANARK RD BRIGHTON,751094.7413289696,2949381.801065743
119 MILLET ST DORCHESTER,770733.677484408,2931758.959082842
119 SEDGWICK ST JAMAICA PLAIN,761411.2305647731,2937571.810804099
119 TONAWANDA ST DORCHESTER,772436.8590490669,2933913.813004717
12 ADELLA PL ALLSTON,754512.222753644,2953642.6196787953
12 ARLINGTON ST BOSTON,771843.0018809438,2954310.1486327946
12 ATLANTIC ST SOUTH BOSTON,778905.4503878355,2947123.1477593035
12 BICKFORD AV ROXBURY,763581.356946826,2944460.7221530825
12 BOYD ST DORCHESTER,772998.5727735013,2934720.2462586015
12 BRADLEE ST DORCHESTER,771659.1148438305,2933641.5420817435
12 BREWER ST JAMAICA PLAIN,759940.0272158831,2938640.9546864033
12 CARMEN ST DORCHESTER,770287.1593519002,2934759.554026261
12 CHEEVER CT EAST BOSTON,781803.4679733366,2958890.2736446857
12 DUNMORE ST ROXBURY,771206.3450516462,2944144.7933378965
12 EASTBURN ST BRIGHTON,749030.616459161,2952108.9865238518
12 EDGEMONT ST ROSLINDALE,753151.5379702002,2930312.4527079314
12 GERALD RD BRIGHTON,747946.6803389937,2949335.688536018
12 HALLAM ST DORCHESTER,776237.4278330654,2939920.607097879
12 HANSBOROUGH ST DORCHESTER,766804.7907619774,2930183.818149388
12 HARTFORD ST DORCHESTER,771631.5546804816,2941040.6808532476
12 LARCHMONT ST DORCHESTER,773033.105837211,2933565.4292666614
12 LINDEN ST SOUTH BOSTON,779161.675898388,2947117.9572457373
12 LOUISBURG SQ BOSTON,772626.2184430361,2955919.2882768065
12 MARCELLA ST ROXBURY,765984.4304566383,2942281.536867276
12 MCLELLAN ST ROXBURY,768423.7785920054,2934980.413644254
12 MELLEN ST DORCHESTER,773165.3647435158,2929428.0447191447
12 MITCHELL ST SOUTH BOSTON,777207.160558626,2946512.714152068
12 NOTTINGHILL RD BRIGHTON,750847.7204823494,2950625.5033343583
12 PARKER ST CHARLESTOWN,770006.0596568733,2965060.429505378
12 PAUL GORE ST JAMAICA PLAIN,761629.099377647,2942116.599256918
12 PENHALLOW ST DORCHESTER,774401.4139984548,2932901.0937304795
12 PINEHURST ST ROSLINDALE,755503.6105412841,2929513.7287154347
12 ROYCE RD ALLSTON,755828.5894904435,2952488.6639419645
12 SACHEM ST ROXBURY,763021.0630232096,2945997.221219063
12 SAWYER AV DORCHESTER,775252.4849431664,2939302.9030218124
12 SCHOOL ST DORCHESTER,771621.0145872831,2933334.547578633
12 SHAFTER ST DORCHESTER,770608.6479195803,2934192.6936372668
12 SUTHERLAND RD BRIGHTON,750648.8065395504,2947970.1195772886
12 THWING ST ROXBURY,765823.5550793707,2943241.6098063886
12 UPHAM AV DORCHESTER,773829.9660954326,2940308.3276346773
12 WASHINGTON ST CHARLESTOWN,774048.79746975,2961116.1523840576
12 WOODBINE ST ROXBURY,769607.4966198802,2941761.852573395
120 COREY ST WEST ROXBURY,748984.4703622609,2930049.2409911156
120 FANEUIL ST BRIGHTON,749328.7365267575,2954769.270483777
120 HIGHLAND ST ROXBURY,766278.1166329533,2944053.499087155
120 KENRICK ST BRIGHTON,745972.9875576198,2951426.035115838
120 MOUNT PLEASANT AV ROXBURY,770643.7204773575,2943754.5546581
120 WASHINGTON ST BRIGHTON,752126.7735231668,2950830.768428728
121 ADDISON ST EAST BOSTON,786690.4777145982,2965830.5796662867
121 BRIGHTON AV ALLSTON,756004.9063733816,2953895.8994428664
121 BROADWAY ST BOSTON,773285.2276849151,2952542.0185142756
121 CUSHING AV DORCHESTER,774664.9006032199,2939362.273981169
121 HAVRE ST EAST BOSTON,780984.6157716364,2961226.2288304865
121 PARSONS ST BRIGHTON,749468.261063382,2954354.6581030637
121 SAINT ANDREW RD EAST BOSTON,791348.3158793747,2965062.445350364
122 WRENTHAM ST DORCHESTER,775839.7184910029,2930589.9274503887
1229 BENNINGTON ST EAST BOSTON,792036.885706842,2967431.746350035
123 ELMER RD DORCHESTER,776285.3424060345,2929887.544578865
123 FLORIDA ST DORCHESTER,775618.355970189,2930153.017695144
123 SAINT ANDREW RD EAST BOSTON,791390.3918806016,2965044.270992726
123 SALEM ST BOSTON,776327.1023919731,2958224.3873654753
124 GLADSTONE ST EAST BOSTON,789627.2469412982,2967272.0757622123
124 MARCELLA ST ROXBURY,765218.8381738514,2943626.4465901405
124 MELVILLE AV DORCHESTER,774713.1420781463,2933250.3384212404
124 NORWELL ST ROXBURY,770202.479951635,2933941.288494125
124 STOUGHTON ST DORCHESTER,774958.0769213587,2940230.1288161725
1245 DORCHESTER AV DORCHESTER,775599.5039184839,2937812.4372549355
125 MELVILLE AV DORCHESTER,774673.0057153404,2933110.8710395396
125 PRINCETON ST EAST BOSTON,781863.6279125214,2963033.349189341
125 TONAWANDA ST DORCHESTER,772394.6917209178,2933896.504135892
125 WORDSWORTH ST EAST BOSTON,787187.3901573867,2965130.986801654
126 CALUMET ST ROXBURY,763622.6814666986,2945880.997140959
126 GLADSTONE ST EAST BOSTON,789481.748657018,2967306.033043012
126 LAKE ST BRIGHTON,747085.8032428324,2950950.0135526657
126 SAINT MARYS ST BOSTON,762589.5209920257,2951230.579499364
127 CRAWFORD ST ROXBURY,766580.8780430257,2940138.749891475
127 LANARK RD BRIGHTON,750981.5646060854,2949312.8943068087
127 PARIS ST EAST BOSTON,781293.2868190855,2961200.628264427
127 SAINT ANDREW RD EAST BOSTON,791471.5600333214,2965006.4695142806
127 SCHOOL ST ROXBURY,764248.7706837505,2940323.9272992015
127 SUTHERLAND RD BRIGHTON,751431.1585200578,2949210.6737891436
1277 MASSACHUSETTS AV DORCHESTER,774489.0984169692,2942398.4005361646
128 G ST SOUTH BOSTON,779477.4997783452,2946143.9336674064
128 MOUNT PLEASANT AV ROXBURY,770685.3135346323,2943786.673606828
128 WEST NINTH ST SOUTH BOSTON,776677.9679841995,2947344.167048186
129 CHISWICK RD BRIGHTON,751638.9952834845,2949499.088104427
129 ENDICOTT ST BOSTON,775844.0492614955,2958248.3549337983
129 FRANKLIN ST ALLSTON,755623.2122030705,2956624.9205114096
129 G ST SOUTH BOSTON,779382.5757365078,2946153.151334837
129 HARRISHOF ST ROXBURY,767159.0436148942,2940900.0032387674
129 NORWELL ST ROXBURY,770113.9019204676,2933863.516371891
13 ALLSTON ST ALLSTON,754817.9843434542,2953798.4627013654
13 BREWSTER ST SOUTH BOSTON,780404.2613779902,2946231.886925742
13 CLIFTON ST ROXBURY,772169.7970864624,2943206.6981291324
13 DACIA ST DORCHESTER,770476.2238990664,2939916.215241164
13 DUDLEY ST ROXBURY,767245.362968266,2945302.302356854
13 EDEN ST CHARLESTOWN,772914.2734988183,2963474.192049861
13 GASTON ST ROXBURY,769121.1203390062,2939542.010784745
13 HARTFORD ST DORCHESTER,771523.1103245616,2940987.0081487894
13 LONGFELLOW ST DORCHESTER,773388.919412598,2935491.359585777
13 LORING ST SOUTH BOSTON,777278.6048146039,2947206.791718036
13 MERLIN ST DORCHESTER,771179.005040586,2933165.047251627
13 ORCHARDFIELD ST DORCHESTER,775540.0364913046,2936068.197590962
13 PRIESING ST JAMAICA PLAIN,763263.8048109263,2942503.7594335675
13 SALEM ST CHARLESTOWN,773406.8076932132,2962859.601253763
13 SAVIN HILL CT DORCHESTER,777573.6064613312,2939465.4422423393
13 SCHUYLER ST ROXBURY,768435.1079674363,2937626.836779833
13 TREMLETT ST DORCHESTER,772330.404228732,2932642.44533512
13 WIGET ST BOSTON,776100.5021821111,2958017.188680798
13 WOODWARD ST SOUTH BOSTON,776078.4234478325,2946182.3181865364
130 CUSHING AV DORCHESTER,774891.4031356275,2939382.7284874916
130 EVERETT ST EAST BOSTON,782360.8784463108,2959235.810825765
130 WORDSWORTH ST EAST BOSTON,787365.0820849091,2965184.8990124464
131 BOSTON ST DORCHESTER,775309.4109420031,2943843.313528657
131 PRINCETON ST EAST BOSTON,781905.9854546636,2963065.9020920843
131 SPENCER ST DORCHESTER,770931.4601226449,2931903.105003074
132 CHANDLER ST BOSTON,771271.1653849483,2951373.957608238
132 HOMESTEAD ST ROXBURY,767444.9128729552,2938703.699902937
132 KING ST DORCHESTER,777133.1718502343,2932625.698338479
1320 DORCHESTER AV DORCHESTER,775552.4566487521,2936711.851210743
133 CHISWICK RD BRIGHTON,749876.3865117729,2949448.371428281
133 HAVRE ST EAST BOSTON,781030.587682113,2961298.6498610526
133 PRINCETON ST EAST BOSTON,781925.1873912513,2963075.5900023878
133 TONAWANDA ST DORCHESTER,772311.4064168632,2933862.8123684227
133 WEST THIRD ST SOUTH BOSTON,777307.9032133371,2949516.6655106544
134 CAMDEN ST BOSTON,769176.2503427416,2948508.6958405823
134 TRENTON ST EAST BOSTON,781922.7775099576,2963766.5893675983
134 WEST CANTON ST BOSTON,771093.7011698782,2950135.0554457754
1343 COMMONWEALTH AV ALLSTON,754641.640243873,2952243.5691254586
135 EUSTIS ST ROXBURY,770206.5941987187,2945111.5694303364
135 GREATON RD WEST ROXBURY,750099.4936185032,2931894.0161610097
135 LONDON ST EAST BOSTON,780866.5820901096,2961473.590792194
135 WEBSTER ST EAST BOSTON,781597.9107538015,2958760.335107222
136 RUTHVEN ST ROXBURY,767300.2964074612,2939169.3830783665
1360 COMMONWEALTH AV ALLSTON,754527.8868308663,2951740.436775729
137 BOSTON ST DORCHESTER,775284.4496643245,2943780.9396678954
137 CAROLINA AV JAMAICA PLAIN,761592.2238693982,2937423.729359314
137 GENEVA AV DORCHESTER,770316.5227681398,2936699.369967088
137 LEYDEN ST EAST BOSTON,789382.6332543194,2967116.335558027
1371 COMMONWEALTH AV ALLSTON,754409.2371462882,2952233.589997232
138 DEVON ST ROXBURY,770776.5194825381,2937523.5632810295
138 MERIDIAN ST EAST BOSTON,780665.857031852,2961562.6792863607
138 NONANTUM ST BRIGHTON,744451.2114783078,2952712.2125629038
138 TRAIN ST DORCHESTER,777088.1340749413,2931422.6283801347
138 WASHINGTON ST ROXBURY,769923.2842110097,2936378.705156043
138 WEST NEWTON ST BOSTON,770383.0172265172,2949956.281808451
139 SAINT ALPHONSUS ST ROXBURY,763839.6300550997,2946450.1080427617
139 THORNTON ST ROXBURY,766438.1975870728,2942867.4891166985
139 WEST CANTON ST BOSTON,771119.6026308984,2950244.1938257217
14 ALASKA ST ROXBURY,770044.3719007224,2942405.700036064
14 ALPHA RD DORCHESTER,773093.447825402,2933168.832782328
14 ASHLEY ST JAMAICA PLAIN,763281.5999501944,2942187.6261912584
14 ATHERTON ST ROXBURY,764515.2263203412,2940523.4744822383
14 BOULEVARD TER ALLSTON,753671.0263043493,2951656.5433312207
14 CHAMBLET ST DORCHESTER,771774.3161815107,2940370.6098661125
14 CHARLESVIEW ST BRIGHTON,746221.9692111462,2955154.4435441047
14 CHELSEA ST EAST BOSTON,780902.8089353591,2960368.6295236945
14 DORSET ST DORCHESTER,775741.353360042,2943223.163282454
14 DRESDEN ST JAMAICA PLAIN,762327.9824930876,2940682.1223296225
14 DUDLEY TER DORCHESTER,773309.220050618,2941359.267825857
14 DUVAL ST BRIGHTON,753325.5834742486,2956527.2403322756
14 DWINELL ST WEST ROXBURY,747744.285691753,2931350.319844976
14 EAST COTTAGE ST DORCHESTER,772154.355883196,2942516.9461927265
14 ELDER ST DORCHESTER,774254.7296739519,2942023.18483077
14 EVERETT AV DORCHESTER,774421.6353489906,2940226.7049642503
14 FAIRVIEW ST ROSLINDALE,756032.8772054315,2930528.5203847736
14 GRANT ST DORCHESTER,776477.6711342484,2941337.240198374
14 GRIMES ST SOUTH BOSTON,777355.7718204558,2947084.254894033
14 HARRIET ST BRIGHTON,749407.3974231333,2953821.6428018957
14 HILLSIDE ST ROXBURY,764246.0892409831,2945373.478680253
14 HOWLAND ST ROXBURY,768512.5816139728,2938882.093112275
14 INTERVALE ST ROXBURY,769387.840279296,2939134.8146330416
14 LEEDS ST SOUTH BOSTON,776117.1242846698,2945801.4683365226
14 LINLEY TER SOUTH BOSTON,780770.9567664564,2947767.326357633
14 MAYFAIR ST ROXBURY,767039.5928542018,2942001.103374839
14 MOSELEY ST DORCHESTER,776363.7622840405,2941761.7225383967
14 MOULTRIE ST DORCHESTER,772987.7499297708,2931652.739837557
14 PACIFIC ST SOUTH BOSTON,779076.8041672707,2947053.385793403
14 SCHILLER ST JAMAICA PLAIN,762931.8027618676,2943897.4386339635
14 SOUTHWOOD ST ROXBURY,770116.6997899264,2941125.45702374
14 SPAULDING ST DORCHESTER,776645.7428906262,2931839.5036723465
14 STOCKWELL ST ROXBURY,762379.5356269479,2946234.8592840284
14 THETFORD AV DORCHESTER,770107.3520874828,2929468.95554626
14 TOWNSEND ST ROXBURY,766243.3026331514,2941840.173564315
14 UNITY ST BOSTON,776718.8416152447,2958769.7106311023
14 VARNEY ST JAMAICA PLAIN,760421.7951166481,2932938.218119666
14 VICTORIA ST DORCHESTER,775613.4070798159,2940339.86021623
14 WAYNE ST DORCHESTER,768338.6918495148,2937149.8224145174
14 WEST TREMLETT ST DORCHESTER,771778.856822446,2932556.2194255143
14 WESTCOTT ST DORCHESTER,770162.4055822641,2932151.5674238056
14 WHITMAN ST DORCHESTER,770648.1794684082,2929932.0815681815
140 ARBORWAY JAMAICA PLAIN,759017.310309723,2937704.6282560974
140 BOWDOIN ST DORCHESTER,772194.017769441,2936038.800305143
140 WASHINGTON ST BRIGHTON,751941.8253399283,2951018.749149248
140 WEST SEVENTH ST SOUTH BOSTON,777138.7189016342,2947628.1504962742
1404 DORCHESTER AV DORCHESTER,775429.0531263202,2935775.518429905
141 ARLINGTON ST BOSTON,772518.789267391,2952348.320184812
141 CHELSEA ST EAST BOSTON,781926.5833019018,2961373.9495037347
141 CHISWICK RD BRIGHTON,749758.1901352704,2949502.8757519573
141 SPENCER ST DORCHESTER,770973.320205301,2931774.079734698
142 K ST SOUTH BOSTON,781259.66641967,2948465.737415746
142 MINDEN ST JAMAICA PLAIN,762436.8003216237,2943813.709698871
142 PRINCE ST BOSTON,775737.0222871453,2958874.1992011815
1422 COMMONWEALTH AV BRIGHTON,753654.6691102982,2952239.15005213
1426 COMMONWEALTH AV BRIGHTON,753606.9879955202,2952199.8867383003
143 EUTAW ST EAST BOSTON,782049.7013521492,2963983.8954010755
1430 COLUMBIA RD SOUTH BOSTON,779776.4662831128,2945844.8362204283
1431 COMMONWEALTH AV BRIGHTON,753442.7891654372,2952435.0060554594
144 CALUMET ST ROXBURY,763551.7999901325,2945589.436583355
144 FALCON ST EAST BOSTON,782340.45871678,2964616.998041019
144 SAINT ANDREW RD EAST BOSTON,791476.8436882347,2965153.014126748
1442 DORCHESTER AV DORCHESTER,775308.967008546,2935267.272982791
145 SUTHERLAND RD BRIGHTON,751583.532934472,2949447.3111893833
1450 CENTRE ST ROSLINDALE,754208.672061339,2931933.9995058924
146 BOSTON ST DORCHESTER,775343.4616665691,2943601.495896682
146 CHISWICK RD BRIGHTON,749697.8381676525,2949403.7497650087
146 EVERETT ST EAST BOSTON,782462.9459460527,2959018.3681043535
146 GOVE ST EAST BOSTON,782188.2125229537,2960149.0723726004
146 STANWOOD ST ROXBURY,770472.5245543718,2937464.632021427
146 SUTHERLAND RD BRIGHTON,751511.5673288256,2949501.4480885565
146 WOODROW AV DORCHESTER,768450.1016083658,2929805.745907575
147 EAST BERKELEY ST BOSTON,773813.0068090856,2950503.7733321935
147 RUTHVEN ST DORCHESTER,767379.2473121285,2938965.5199427903
147 WEST NINTH ST SOUTH BOSTON,776746.7438009083,2947155.352591604
148 STRATHMORE RD BRIGHTON,749834.9664312899,2948809.0667234063
148 TRENTON ST EAST BOSTON,782077.8750992864,2963823.8610176444
149 HARVARD AV ALLSTON,755671.9701891392,2953309.188454315
149 PEARL ST BOSTON,776816.5656434,2954532.8795452267
149 ROXBURY ST ROXBURY,767234.4448663294,2945768.4200911373
149 STRATHMORE RD BRIGHTON,749934.1386865079,2948904.48822473
15 BOARDMAN ST EAST BOSTON,788948.7886963189,2966680.9333016276
15 BRAEMORE RD BROOKLINE,750352.0509322882,2948454.7748599946
15 BRENT ST DORCHESTER,772448.8110804856,2930586.413481161
15 CAWFIELD ST DORCHESTER,774205.8815706074,2941934.745604411
15 CHARLOTTE ST ROXBURY,768291.4449911714,2934498.256848097
15 CHARTER ST BOSTON,776909.775944829,2958856.8969853073
15 CHIPMAN ST DORCHESTER,771225.4816683233,2930367.742080152
15 COLBORNE RD BRIGHTON,751919.9709916562,2949990.7961229235
15 COLEMAN ST DORCHESTER,773683.3171525598,2937892.125125438
15 COLLISTON RD BRIGHTON,751955.7227555215,2949027.5318828523
15 CUSHING AV DORCHESTER,773873.2417452037,2940509.6484346986
15 DENBY RD ALLSTON,754937.7402327806,2954756.9168558717
15 DORIS ST DORCHESTER,776092.6510918587,2939595.0747439414
15 DORSET ST DORCHESTER,775701.9194886684,2943355.7781217843
15 GARDEN ST BOSTON,773173.1771256626,2956799.0788132697
15 GARDNER ST ALLSTON,755863.7957121134,2954014.950421512
15 HAYNES ST EAST BOSTON,780928.5604025126,2959007.0986054987
15 HINCKLEY ST DORCHESTER,775187.238820836,2941051.8941043913
15 HOLIDAY ST DORCHESTER,772327.9659211785,2935339.221048817
15 IRVING ST BOSTON,773330.8258203566,2956759.5732714385
15 JENKINS ST SOUTH BOSTON,776858.7641194612,2945825.1970033348
15 KENNEY ST JAMAICA PLAIN,761741.018994689,2943625.3500624
15 KING ST DORCHESTER,774914.9213271737,2931737.934841737
15 LASELL ST WEST ROXBURY,745432.9313145131,2929536.463068053
15 LEXINGTON ST CHARLESTOWN,775276.7467534989,2962833.7772089243
15 LEYLAND ST DORCHESTER,772217.0908178836,2942144.508700341
15 LOTHIAN RD BRIGHTON,749811.7609285712,2949300.88391082
15 MELVIN AV BRIGHTON,753122.1751587689,2950676.4099220783
15 MOULTRIE ST DORCHESTER,772907.1457660794,2931737.199387938
15 MOUNT VERNON ST BRIGHTON,749435.4740976244,2951638.6840816736
15 NOTTINGHILL RD BRIGHTON,750727.7870801091,2950560.812431246
15 ORIENT AV EAST BOSTON,791316.7829954028,2967572.7027837485
15 PERSHING RD JAMAICA PLAIN,760848.1003659964,2941575.8916291595
15 PURITAN AV ROXBURY,771908.3477975726,2937199.533285007
15 RENDALL RD WEST ROXBURY,751135.8771468699,2932340.840631798
15 REVERE ST JAMAICA PLAIN,761182.7493834347,2938700.9809616953
15 SAYWARD ST DORCHESTER,772776.9589524716,2939818.305837542
15 SEDALIA RD DORCHESTER,775998.9587536901,2929601.439745754
15 SEWALL ST ROXBURY,764884.8898334205,2946074.7012161463
15 THELMA RD DORCHESTER,776876.5668189079,2932765.8709332794
15 TOWER ST JAMAICA PLAIN,760889.4944394827,2934415.3746525645
15 TREADWAY RD DORCHESTER,775726.1002539247,2939573.7698691487
15 WAKULLAH ST ROXBURY,767972.8462246805,2942760.7911611497
15 WARNER ST DORCHESTER,769674.40295659,2933049.206625581
15 WEBSTER AV EAST BOSTON,781738.5463337004,2958961.853076607
15 WEST TREMLETT ST DORCHESTER,771755.6461788118,2932660.888834983
15 WESTCOTT ST DORCHESTER,770049.1871272027,2932125.6952962577
15 WILTSHIRE RD BRIGHTON,749668.6147658527,2950457.0269574076
150 FALCON ST EAST BOSTON,782414.8653516322,2964614.6634590626
150 MOUNT VERNON ST BOSTON,771996.1903749555,2955568.2457764894
150 ORIENT AV EAST BOSTON,789581.3170654029,2967643.8500760645
150 SAINT ANDREW RD EAST BOSTON,791584.4824319333,2965100.4881495982
1508 TREMONT ST ROXBURY,764454.8471360952,2946315.564754054
151 EAST COTTAGE ST DORCHESTER,774329.2394295931,2942231.9811315686
151 L ST SOUTH BOSTON,781774.3222901374,2946561.477279067
151 TOWNSEND ST ROXBURY,767544.2408677787,2940948.6590112746
1512 COLUMBIA RD SOUTH BOSTON,780482.0023522973,2945868.916888967
1512 TREMONT ST ROXBURY,764432.2503786385,2946327.4647714794
1516 TREMONT ST ROXBURY,764407.4058300555,2946332.1085332036
152 COTTAGE ST EAST BOSTON,782268.3319282234,2960094.6735889614
152 LAKE ST BRIGHTON,747305.0343991965,2951182.3631242067
152 MOUNT VERNON ST BOSTON,771968.1188413799,2955556.473677218
152 TRENTON ST EAST BOSTON,782119.205667302,2963854.949363336
152 WASHINGTON ST BRIGHTON,751844.3269073963,2951148.956828937
1520 COMMONWEALTH AV BRIGHTON,753179.8777387738,2951135.9297406673
154 BELGRADE AV ROSLINDALE,754450.6079344302,2929409.7536324114
154 BIGELOW ST BRIGHTON,746618.8892709613,2955030.1397560537
154 CHELSEA ST EAST BOSTON,781914.6276416034,2961547.309753552
154 FALCON ST EAST BOSTON,782467.8966508657,2964620.1448881477
154 KILSYTH RD BROOKLINE,751725.4960810393,2948775.305704728
155 EVERETT ST EAST BOSTON,782530.5535645634,2958878.2396609634
155 H ST SOUTH BOSTON,780108.7646910101,2946535.206881523
155 KILSYTH RD BROOKLINE,751656.2793549448,2948637.249958858
155 RUTHVEN ST ROXBURY,767488.404441312,2938879.243531212
155 WEST CANTON ST ROXBURY,771031.9783913791,2950361.3438740373
1554 COMMONWEALTH AV BRIGHTON,753018.0210508257,2950716.4005247205
156 MERIDIAN ST EAST BOSTON,780669.8838833123,2961676.526747942
156 RUTHVEN ST ROXBURY,767583.789956212,2939014.9976574928
156 WASHINGTON ST DORCHESTER,770085.3897799104,2936130.240013644
157 BAY STATE RD BOSTON,764112.2230415344,2953031.827416882
157 KILSYTH RD BROOKLINE,751737.1653619409,2948626.055154532
157 M ST SOUTH BOSTON,782319.6906144023,2946555.6169340163
157 WEST SEVENTH ST SOUTH BOSTON,777242.6280599385,2947425.9868879616
1576 TREMONT ST ROXBURY,763656.2171921581,2946696.4841576666
158 CENTRE ST ROXBURY,765122.5593487173,2943728.0148159266
158 KELTON ST ALLSTON,753740.4776982665,2952106.050756812
158 WEBSTER ST EAST BOSTON,781805.6719154716,2958789.2065072805
159 ADAMS ST DORCHESTER,774953.6684322655,2935877.1673983634
159 GOLD ST SOUTH BOSTON,777364.5646060705,2948324.4571041465
159 LEXINGTON ST EAST BOSTON,782087.839711979,2963443.3985509872
159 RUTHVEN ST DORCHESTER,767535.702104032,2938841.6588785797
159 WARREN AV BOSTON,770873.2842757255,2950726.5617019683
1593 DORCHESTER AV DORCHESTER,774790.3604931831,2933333.600742355
16 AUBURN ST CHARLESTOWN,772453.3372059017,2964133.827274218
16 BRAEMORE RD BROOKLINE,750411.1134365052,2948608.881159216
16 BREMEN ST EAST BOSTON,780827.4016357809,2959836.925761625
16 BRIGHTON ST CHARLESTOWN,770128.4473942369,2965050.5534979254
16 CHASE ST DORCHESTER,775185.3590589911,2941401.086781159
16 COBDEN ST ROXBURY,765777.0542590618,2940757.8922151774
16 COMMON ST CHARLESTOWN,775131.684540093,2961637.8419386894
16 DAWSON ST DORCHESTER,775610.0730427653,2930904.4500730634
16 DONALD RD DORCHESTER,767027.1067720354,2931281.22589612
16 DRAYTON AV DORCHESTER,772267.4452104568,2939090.741838455
16 EASTLAND RD JAMAICA PLAIN,760769.8746332973,2931608.6277300566
16 ELDORA ST ROXBURY,762095.8270668238,2945989.233138457
16 ENFIELD ST JAMAICA PLAIN,761672.5785473287,2940414.742234871
16 FALKLAND ST BRIGHTON,748467.0374884158,2954442.3788104206
16 FOLSOM ST DORCHESTER,772063.81795232,2941402.983477801
16 GARDNER ST ROXBURY,765821.970769152,2945508.8572170436
16 GATES ST SOUTH BOSTON,778359.125247851,2946890.3463917226
16 GREENWICH ST ROXBURY,768771.0506819785,2947632.611301765
16 HALL ST JAMAICA PLAIN,760595.2076828778,2936391.5048342645
16 HAMPSTEAD RD JAMAICA PLAIN,760059.8411673605,2935763.1025061607
16 HOWES ST DORCHESTER,775722.1239044219,2941136.4676622152
16 INTERVALE ST ROXBURY,769430.9272271097,2939110.6879986376
16 LAKE ST BRIGHTON,746372.1605494916,2949445.4011868387
16 LEEDS ST SOUTH BOSTON,776078.9287699163,2945783.909074709
16 MALBERT RD BRIGHTON,748337.919683516,2952726.9491578937
16 MALCOLM RD JAMAICA PLAIN,756101.743441835,2935449.143267691
16 MANSFIELD ST ALLSTON,755920.9076912552,2955434.75365448
16 MARCELLA ST ROXBURY,765934.1909787208,2942316.868890241
16 MELROSE ST BOSTON,773015.9784125686,2952638.7491354644
16 MICHIGAN AV ROXBURY,768975.164210543,2935535.5237072706
16 MITCHELL ST SOUTH BOSTON,777172.6265876889,2946479.137904078
16 MORSE ST DORCHESTER,770204.3461051583,2936249.8047817647
16 MOUNT IDA RD DORCHESTER,773751.2238515913,2937190.313198313
16 MOUNT VERNON ST DORCHESTER,775491.5149874985,2942873.68573831
16 OXFORD ST BOSTON,775033.4482344985,2953569.160787463
16 PEAK HILL RD WEST ROXBURY,752376.9962549806,2931268.799992934
16 PRATT ST ALLSTON,756298.5105974078,2954633.5810725987
16 RIVER ST BOSTON,772339.0787732154,2955252.8894177377
16 ROMSEY ST DORCHESTER,776319.3081542403,2940610.854376912
16 ROYCE RD ALLSTON,755850.7761840075,2952444.603546068
16 SAINT ANDREW RD EAST BOSTON,790015.9741909653,2965849.389078602
16 SAINT JAMES ST ROXBURY,768491.000036791,2944142.2597721517
16 TAFT ST DORCHESTER,775782.7075157911,2940888.400487423
16 WAUMBECK ST ROXBURY,768392.8453810811,2939526.5399455875
16 WENTWORTH ST DORCHESTER,771113.1247707903,2930293.76939933
16 WOODBINE ST ROXBURY,769659.1401734501,2941730.11344786
16 WYOMING ST DORCHESTER,768323.6304694265,2940073.3495415747
160 MAGNOLIA ST DORCHESTER,771931.4946333319,2939548.2908706963
160 MOUNT VERNON ST DORCHESTER,778224.5541377068,2942422.6318033934
160 PRINCE ST BOSTON,775625.3760460317,2959036.9080720395
160 STRATHMORE RD BRIGHTON,749741.8199377358,2948954.0243039876
161 SARATOGA ST EAST BOSTON,781995.3037781417,2962831.5031083673
162 ALLSTON ST ALLSTON,754070.6208515614,2952005.4744259417
162 L ST SOUTH BOSTON,781876.7082244158,2946549.4711167812
1625 COMMONWEALTH AV BRIGHTON,752423.361899361,2950316.7415648103
1629 COMMONWEALTH AV BRIGHTON,752403.9727728516,2950272.3089058995
163 COLERIDGE ST EAST BOSTON,787606.9653391838,2964289.304989144
163 HOMESTEAD ST ROXBURY,767623.7953767926,2938294.164935574
163 WACHUSETT ST JAMAICA PLAIN,759889.0314181,2932398.731308937
163 WASHINGTON ST ROXBURY,770029.9365030974,2935990.7983365506
163 WEST EIGHTH ST BOSTON,777033.0309854299,2947131.5764469057
164 INTERVALE ST ROXBURY,771355.6158631146,2938073.165605545
164 SYDNEY ST DORCHESTER,777116.8445944935,2940940.8789866716
1641 COMMONWEALTH AV BRIGHTON,752303.988252461,2950155.1080532223
165 RUTHVEN ST DORCHESTER,767662.6292726994,2938777.552830592
165 WILLOW ST WEST ROXBURY,749468.0251859277,2931516.904363796
166 EVERETT ST EAST BOSTON,782637.2400286496,2958920.2255449295
166 MOUNT VERNON ST WEST ROXBURY,747425.3424836993,2929753.425869584
166 PUTNAM ST EAST BOSTON,782960.6310386956,2962878.3181295395
1665 COMMONWEALTH AV BRIGHTON,752066.2860772014,2949975.7991555184
1669 COMMONWEALTH AV BRIGHTON,752020.5778656304,2949955.458656624
167 AMORY ST ROXBURY,763921.6183355749,2941243.099390641
167 FOREST HILLS ST JAMAICA PLAIN,763557.732005626,2936990.0653382987
167 KING ST DORCHESTER,777174.6064462513,2932544.7557813674
167 MAPLE ST WEST ROXBURY,748865.9398260415,2931582.0497846007
167 SYDNEY ST DORCHESTER,777211.1601934582,2940963.4509467483
167 WEST EIGHTH ST SOUTH BOSTON,777061.4191391319,2947084.7490270585
1673 COMMONWEALTH AV BRIGHTON,751975.9244496226,2949934.681482032
1677 COMMONWEALTH AV BRIGHTON,751938.1562359333,2949935.2578697503
168 HUMBOLDT AV ROXBURY,767487.9263358563,2939741.4518229216
168 NEWBURY ST BOSTON,770038.9161762297,2952983.8311940134
168 PARIS ST EAST BOSTON,781501.25724639,2961607.9662450105
168 PRINCETON ST EAST BOSTON,782231.2163088322,2963358.508675456
1681 DORCHESTER AV DORCHESTER,774540.900431782,2932163.8874845356
1682 COMMONWEALTH AV BRIGHTON,752008.3430836648,2949635.238081455
169 BOYLSTON ST JAMAICA PLAIN,763616.148568511,2940256.766335815
169 PURCHASE ST BOSTON,776674.9033917785,2954542.050944403
1690 COLUMBIA RD SOUTH BOSTON,782120.3203394562,2945613.463725865
17 ALLSTON ST CHARLESTOWN,774092.3785505742,2963857.7027789652
17 ALLSTON ST DORCHESTER,773360.440536797,2932024.427360609
17 ASHFORD ST ALLSTON,756467.6834176481,2954313.0251280665
17 CORTES ST BOSTON,772316.0550170988,2952277.1118062884
17 DONALD RD DORCHESTER,767119.7748577297,2931357.487193033
17 DUNLAP ST DORCHESTER,771724.0918239504,2932113.935293272
17 EDGE HILL ST JAMAICA PLAIN,762510.6296615303,2943495.7169559747
17 EGLESTON ST JAMAICA PLAIN,764171.1621637046,2939961.6709429175
17 ESMOND ST DORCHESTER,768213.5101739913,2934214.181468278
17 EUCLID ST DORCHESTER,771802.8065487593,2930421.7208204716
17 FAIRBANKS ST BRIGHTON,747305.9252901822,2952608.105025634
17 FENWOOD RD BOSTON,762670.6967049241,2947109.9694675356
17 FRANKFORT ST EAST BOSTON,781669.3616627306,2959925.5240540653
17 GASTON ST ROXBURY,769228.3553693593,2939544.453628406
17 GREENWOOD ST ROXBURY,769826.0416147858,2935173.3871041536
17 HENSHAW ST BRIGHTON,750735.0288202763,2952724.3750696033
17 HOLIDAY ST DORCHESTER,772373.3629559726,2935354.215596974
17 LEVANT ST DORCHESTER,772572.4692296088,2935821.188840613
17 MACKIN ST BRIGHTON,752210.1347313672,2956804.135662943
17 MAGNOLIA SQ DORCHESTER,771781.9574013054,2940252.578603834
17 MAYFAIR ST ROXBURY,766912.1561297625,2942056.387303725
17 MICHIGAN AV ROXBURY,768811.5088058263,2935532.4406680167
17 PARK VIEW ST ROXBURY,766367.071160838,2938676.5724839866
17 PIERPONT RD WEST ROXBURY,751152.1194262505,2931333.828684643
17 PRATT ST ALLSTON,756375.5279117972,2954524.9830939323
17 ROBEY ST ROXBURY,772854.5562834591,2942867.4703674614
17 SAINT LUKES RD ALLSTON,756911.225865379,2953385.3327197134
17 SHANNON ST BRIGHTON,750886.8059808612,2951643.541040316
17 SULLIVAN ST CHARLESTOWN,773273.968165502,2963072.534482166
17 WHITTEN ST DORCHESTER,774907.9813891798,2932026.15440692
170 BUNKER HILL ST CHARLESTOWN,774715.772414133,2963206.6286964864
170 SAINT BOTOLPH ST BOSTON,768873.3410556614,2950209.2963615954
1706 COMMONWEALTH AV BRIGHTON,751544.0788018256,2949562.7786452025
1709 DORCHESTER AV DORCHESTER,774490.0361810327,2931895.1816375554
171 AMORY ST JAMAICA PLAIN,763905.8980106562,2941199.5406879336
171 BELGRADE AV ROSLINDALE,754203.1023294181,2929617.643921867
171 HEMENWAY ST BOSTON,766689.2337936908,2949668.3918668777
171 MAGNOLIA ST DORCHESTER,771723.0358187407,2939412.2594372034
171 SCHOOL ST ROXBURY,764024.311515376,2940846.237997785
1710 COMMONWEALTH AV BRIGHTON,751475.7254476696,2949566.447144389
172 ARBORWAY JAMAICA PLAIN,759199.2604300529,2937359.204175234
172 BOSTON ST DORCHESTER,775187.8037170917,2943311.3593735993
172 EMERSON ST SOUTH BOSTON,780909.0484987646,2947536.6082717925
172 GLENWAY ST ROXBURY,769638.633048296,2933676.6757257283
172 H ST SOUTH BOSTON,780201.9024147689,2946312.6834202707
172 LAKE ST BRIGHTON,747406.8817466348,2951387.0491092056
1724 DORCHESTER AV DORCHESTER,774492.2231883854,2931338.3539028317
173 CALUMET ST ROXBURY,763843.8020619303,2945304.919084534
173 PRINCETON ST EAST BOSTON,782351.891817823,2963286.300237015
1737 COMMONWEALTH AV BRIGHTON,750983.2372191399,2949791.7082961053
174 LEXINGTON ST EAST BOSTON,782156.578635037,2963609.396400243
1745 COMMONWEALTH AV BRIGHTON,750887.490630284,2949756.913650349
1749 COMMONWEALTH AV BRIGHTON,750840.4188655913,2949737.16647397
175 H ST SOUTH BOSTON,780115.7433371097,2946284.1365029067
175 HEMENWAY ST BOSTON,766664.8833781183,2949622.166236937
175 HILLSIDE ST ROXBURY,762250.6062216014,2946184.960618809
175 HUMBOLDT AV ROXBURY,767259.1575654745,2939664.9597894847
175 TRAIN ST DORCHESTER,777156.1901630312,2930973.6640775055
1759 DORCHESTER AV DORCHESTER,774330.3882737458,2931035.0895899385
176 FALCON ST EAST BOSTON,782665.8876475394,2964615.7938563824
176 GRAMPIAN WY DORCHESTER,778059.2303536236,2938098.8408661485
176 K ST SOUTH BOSTON,781264.6095643044,2948138.487390116
176 NEWBURY ST BOSTON,769866.023750037,2952920.7823608667
176 PARIS ST EAST BOSTON,781563.7309014499,2961684.6648224294
176 WEST SIXTH ST SOUTH BOSTON,777359.0807577223,2947831.247030139
1765 COMMONWEALTH AV BRIGHTON,750667.5633330494,2949633.124559
177 BIGELOW ST BRIGHTON,746758.6315406114,2954768.172444001
177 HIGHLAND ST ROXBURY,766105.6530198753,2943309.173878297
177 NEWBURY ST BOSTON,769866.7114235312,2953096.418525681
1774 CENTRE ST WEST ROXBURY,750421.0629288554,2929907.6951661855
178 HILLSIDE ST ROXBURY,762157.0910939276,2946108.212446645
178 SCHOOL ST ROXBURY,763895.6300837547,2940835.828241989
1789 COMMONWEALTH AV BRIGHTON,750434.6518893093,2949412.071400538
179 BOSTON ST DORCHESTER,775019.1425694823,2943260.747330278
179 CHESTNUT AV JAMAICA PLAIN,762392.0425752103,2940661.3620898277
179 COMMONWEALTH AV BOSTON,769708.7950986475,2953530.3211458176
179 HIGHLAND ST ROXBURY,766102.4538563341,2943243.5636579394
18 A ROCKVILLE PARK ROXBURY,769184.5030294806,2943723.6931176484
18 ABBOTSFORD ST DORCHESTER,766312.4546441585,2940029.8776296824
18 ATLANTIC ST SOUTH BOSTON,778902.1072785705,2947051.846541822
18 BOULEVARD TER ALLSTON,753632.1654942185,2951673.494755
18 BRENTON ST DORCHESTER,769762.1067291498,2933825.896035224
18 EGLESTON ST JAMAICA PLAIN,764222.375392124,2939861.3407713324
18 FERNALD TER DORCHESTER,773286.8525176793,2938372.068604842
18 GLEASON ST DORCHESTER,769284.9453940392,2933604.724635631
18 GREENOUGH AV JAMAICA PLAIN,760686.5524355918,2938269.081485465
18 GREENWOOD ST DORCHESTER,769935.6653579473,2935183.9078433067
18 HAWTHORNE ST ROXBURY,766724.108274892,2943531.0465597063
18 HENDRY ST DORCHESTER,773760.7684209794,2938054.7009372115
18 IRVING ST BOSTON,773394.2115349025,2956767.505406767
18 LITCHFIELD ST BRIGHTON,753023.3434138298,2955969.494489938
18 LYNDEBORO ST CHARLESTOWN,772268.308280006,2963677.235964909
18 MELVILLE AV DORCHESTER,772684.0441026688,2932548.434864804
18 MONADNOCK ST DORCHESTER,773030.7555300891,2940854.852968082
18 MYRTLE ST JAMAICA PLAIN,759905.2990996689,2939659.5010409206
18 NATIONAL ST SOUTH BOSTON,778765.7111422569,2947002.3485658616
18 NILES ST BRIGHTON,749459.9612011611,2954684.350065142
18 NORTHBOURNE RD JAMAICA PLAIN,759730.6527129263,2931404.419245705
18 OAKLEY ST DORCHESTER,772302.1001441777,2935247.6295320094
18 PARKMAN ST DORCHESTER,775276.9678130001,2933438.346963197
18 PLEASANT ST CHARLESTOWN,774299.6114072353,2961842.234286502
18 RICHFIELD ST DORCHESTER,771968.8098413497,2937764.034899473
18 SAINT JOHN ST JAMAICA PLAIN,760969.8379283398,2939831.069831729
18 SAYWARD ST DORCHESTER,772658.4686363935,2939740.596313551
18 SCHIRMER RD WEST ROXBURY,750917.7062294185,2931611.9771898687
18 SCHUYLER ST DORCHESTER,768306.3494220376,2937568.4486431926
18 SHAFTER ST DORCHESTER,770569.3791624159,2934311.134963423
18 SHELBY ST EAST BOSTON,783786.7110698223,2964124.3573993593
18 TREADWAY RD DORCHESTER,775609.7352541536,2939600.753342375
18 TUCKERMAN ST SOUTH BOSTON,776599.0494370759,2946142.160352826
18 UPLAND AV DORCHESTER,773852.910923332,2933344.354334891
18 WELD AV ROXBURY,764749.346182406,2939850.606835261
18 WELLESLEY PARK DORCHESTER,773703.999976173,2933412.3293778896
180 M ST SOUTH BOSTON,782433.5686190873,2946241.8270434737
180 PARIS ST EAST BOSTON,781596.9161372036,2961723.7052623183
180 PRINCETON ST EAST BOSTON,782363.0736186504,2963419.8334863633
180 WASHINGTON ST BRIGHTON,751611.3504461646,2951387.2804505527
180 WEST CANTON ST BOSTON,770795.8699009567,2950553.4978110045
181 GOLD ST SOUTH BOSTON,777510.2473586202,2948199.5400347263
181 H ST SOUTH BOSTON,780120.9677202404,2946220.3809446245
1825 WILLIAM J DAY BLVD SOUTH BOSTON,783947.2054142952,2946361.8786868453
183 CALUMET ST ROXBURY,763960.547792092,2945239.756426528
183 HANCOCK ST DORCHESTER,774715.9100093246,2938444.1025544554
183 MARION ST EAST BOSTON,781687.9321735203,2962265.3757539243
183 STRATHMORE RD BRIGHTON,749681.2520515174,2949181.923351869
184 COMMONWEALTH AV BOSTON,769798.4125026315,2953217.909323916
184 WALNUT AV ROXBURY,767385.7278939039,2941805.7027964443
184 WASHINGTON ST BRIGHTON,751571.819502145,2951408.5892566293
184 WASHINGTON ST DORCHESTER,770180.4961731583,2935982.4525084645
184 WEST EIGHTH ST SOUTH BOSTON,777270.7268101424,2946976.749511823
1840 COMMONWEALTH AV BRIGHTON,750420.2993512005,2948969.234468311
1844 COMMONWEALTH AV BRIGHTON,750371.6704929173,2948891.074357912
185 MAVERICK ST EAST BOSTON,781308.0975037813,2959875.697966516
185 WEBSTER ST EAST BOSTON,782051.9727310389,2958475.297165975
186 BOYLSTON ST JAMAICA PLAIN,763903.8761175275,2939997.270293668
186 DORCHESTER ST SOUTH BOSTON,777992.7241013646,2946873.9898024946
1866 DORCHESTER AV DORCHESTER,774234.8222218603,2929995.3620450944
1867 COMMONWEALTH AV BRIGHTON,749943.503928557,2948632.4371516258
187 MARION ST EAST BOSTON,781723.7855461538,2962231.840935692
188 WALNUT AV ROXBURY,767340.6435479373,2941787.3981013894
189 HIGHLAND ST ROXBURY,766052.2304059863,2943108.0771618485
189 N ST SOUTH BOSTON,782886.159688741,2946299.34848167
189 WALNUT AV ROXBURY,767197.8209607005,2941853.979652986
19 BARTLETT ST CHARLESTOWN,774457.742441088,2962924.865520522
19 BILODEAU RD ROXBURY,769398.660098955,2937397.405133322
19 BODWELL ST DORCHESTER,772477.9761177301,2939326.4435914755
19 BRADSTON ST BOSTON,772182.1697660089,2946623.7909608185
19 BRENT ST DORCHESTER,772502.1783538908,2930609.4203024954
19 CLARENCE ST ROXBURY,771562.1695136875,2943548.9345379174
19 COLLISTON RD BRIGHTON,751912.7032444775,2948992.072848946
19 DORSET ST DORCHESTER,775632.2803000063,2943384.8376189917
19 DUDLEY ST ROXBURY,767280.381395191,2945302.3691888005
19 EAST SPRINGFIELD ST BOSTON,770854.4775850773,2947874.8970597535
19 ETNA ST BRIGHTON,751594.4138403386,2954513.568439722
19 GREENWICH ST ROXBURY,768697.4236523509,2947566.741313815
19 HARTFORD ST DORCHESTER,771579.9976153225,2940848.41714254
19 ISABELLA ST BOSTON,772418.2274520546,2952358.0970027745
19 LAMSON ST EAST BOSTON,782481.5164568424,2958826.052379638
19 LEROY ST DORCHESTER,773757.9518022835,2934951.024221018
19 LITCHFIELD ST BRIGHTON,753128.2638210952,2955929.394718379
19 MATCHETT ST BRIGHTON,745205.4084609151,2953893.642579511
19 MAYFAIR ST ROXBURY,766875.2231641859,2942020.345531553
19 MELVIN AV BRIGHTON,753173.528099224,2950633.5766937435
19 MIDLAND ST DORCHESTER,776576.1445269138,2938790.7743665576
19 MILTON AV DORCHESTER,770138.8063456416,2929754.203962773
19 MORRIS ST EAST BOSTON,782275.5769948661,2962097.206320077
19 OAKLAND ST BRIGHTON,748702.976328522,2952746.8572147936
19 OAKWOOD ST DORCHESTER,771465.146767348,2930372.1862532645
19 ORKNEY RD BRIGHTON,751195.2208895981,2948195.744222209
19 PARKER HILL AV ROXBURY,761685.1187603474,2946365.1746206135
19 PAYSON AV DORCHESTER,773296.4944621176,2939764.566301137
19 PUTNAM ST CHARLESTOWN,775097.4944059104,2961611.537066743
19 ROXTON ST ROXBURY,769837.3604059815,2933971.2784976363
19 SAGAMORE ST DORCHESTER,776567.0925785005,2939607.8363188803
19 SANTUIT ST DORCHESTER,774137.256957382,2931114.049264416
19 SAVIN HILL CT DORCHESTER,777583.9521068335,2939500.3000911474
19 SUDAN ST DORCHESTER,776269.2661480904,2940716.7690983564
19 VICTORIA ST DORCHESTER,775582.2646032572,2940470.9321751
19 WHEATLAND AV DORCHESTER,771713.6234012097,2932397.1013352573
19 WYOMING ST ROXBURY,768299.5110927969,2940202.8060423136
19 YORK ST DORCHESTER,769676.0613565147,2934426.739712015
190 COMMONWEALTH AV BOSTON,769705.1444414705,2953184.9826461226
190 HILLSIDE ST ROXBURY,762009.5926898122,2946161.059277609
190 MAVERICK ST EAST BOSTON,781388.5725396872,2959931.6248126626
190 PRINCETON ST EAST BOSTON,782460.8919977844,2963462.5372845083
1904 WASHINGTON ST BOSTON,770031.4113419801,2947239.1825306416
191 LEXINGTON ST EAST BOSTON,782372.7149582803,2963577.947585419
191 WEST SEVENTH ST SOUTH BOSTON,777568.2036580741,2947146.336629629
191 WEST SIXTH ST SOUTH BOSTON,777481.6801799834,2947611.1237731576
192 BELGRADE AV ROSLINDALE,753975.7657585293,2929476.1507157385
192 DORCHESTER ST SOUTH BOSTON,777959.0713444054,2946851.021689266
193 CAMBRIDGE ST ALLSTON,757422.5062690228,2955891.9192346632
194 BROOKS ST EAST BOSTON,781484.7307044417,2963924.1769760847
194 LONDON ST EAST BOSTON,781280.1590292752,2962110.205284506
194 N ST SOUTH BOSTON,782972.2779414654,2946281.5046548843
195 BUNKER HILL ST CHARLESTOWN,774573.0659511834,2963388.48174417
195 DORCHESTER ST SOUTH BOSTON,777924.9419940263,2946989.346274957
195 TRENTON ST EAST BOSTON,782729.6374600828,2964043.8841779083
195 WOODROW AV DORCHESTER,767675.1598087102,2929686.114912331
1954 COMMONWEALTH AV BRIGHTON,749116.1311075389,2948610.9995201677
196 WASHINGTON ST BRIGHTON,751388.8868615031,2951500.3948775977
196 WEST BROOKLINE ST BOSTON,770584.1417644024,2950385.137255937
1965 COLUMBUS AV ROXBURY,764783.5115192086,2940208.3113615513
197 BAY STATE RD BOSTON,763657.486394301,2953077.414060861
197 HUMBOLDT AV ROXBURY,767091.876603365,2939353.1192143857
198 ADAMS ST DORCHESTER,775207.6833477318,2935513.781551972
198 BROOKS ST EAST BOSTON,781461.7087627649,2963968.078305915
198 TRENTON ST EAST BOSTON,782651.0104333013,2964145.408554673
199 BAY STATE RD BOSTON,763635.5192482024,2953079.803680882
199 CHESTNUT HILL AV BRIGHTON,749351.4838828892,2949515.0246503353
199 WEST FIFTH ST SOUTH BOSTON,777485.2996892333,2948009.843759373
199 WESTVILLE ST DORCHESTER,773884.2309127748,2935185.019188985
2 BARSTOW ST ALLSTON,752793.2204649448,2953872.535478905
2 BAY ST DORCHESTER,775951.3287456781,2938823.8325913846
2 CHAMBLET ST DORCHESTER,772059.2603765875,2940271.743646756
2 CLEVELAND ST ROXBURY,769618.9182294607,2943989.61349386
2 COLLISTON RD BRIGHTON,752173.7929714471,2949000.8904319257
2 DEXTER ROW CHARLESTOWN,774005.3920874,2962153.5002883226
2 GREENHEYS ST DORCHESTER,771094.5975041986,2938966.6146560907
2 HARTFORD ST DORCHESTER,771391.0830620229,2941292.9161035717
2 IROQUOIS ST ROXBURY,763553.0108277053,2945390.9777630717
2 LEROY ST DORCHESTER,773422.3547389358,2934939.4898136407
2 LEXINGTON ST EAST BOSTON,780545.9311897904,2962826.875676617
2 LONGMEADOW ST ROXBURY,772401.3319735825,2942682.8717667162
2 LYNNVILLE TER DORCHESTER,770228.1800096035,2935496.844946146
2 MEAD ST ALLSTON,755617.1958160102,2956983.803820133
2 MEAD ST CHARLESTOWN,772754.1740978807,2963861.6842693835
2 MENLO ST BRIGHTON,750723.1351533979,2953072.5949030817
2 MICHIGAN AV ROXBURY,768750.833867535,2935760.4606786966
2 MOUNT CUSHING TER DORCHESTER,774098.5827323645,2940505.531768352
2 MURDOCK TER BRIGHTON,751679.3273036182,2953534.6815521866
2 OTISFIELD ST DORCHESTER,769560.1768814623,2939399.2807340473
2 PLEASANT ST DORCHESTER,775553.7016583383,2941413.836562231
2 PRESCOTT ST EAST BOSTON,782921.7632731944,2964141.753059
2 SEABORN ST DORCHESTER,772757.4552137107,2931793.3539465517
2 SUNDERLAND ST DORCHESTER,769056.9468542635,2938528.36765714
2 THANE ST DORCHESTER,770916.6981254816,2932805.472035721
2 VICTORIA ST DORCHESTER,775915.127605021,2940261.681961417
2 WEBSTER AV EAST BOSTON,781649.2316391021,2958895.808902219
20 ALPINE ST ROXBURY,767988.4655456692,2943996.2213889807
20 ARION ST DORCHESTER,773275.8842161745,2940638.187130213
20 ARMSTRONG ST JAMAICA PLAIN,763363.6843960881,2942317.64335455
20 ASHFORD ST ALLSTON,756547.8073590398,2954453.0555915833
20 ATHELWOLD ST DORCHESTER,770825.2312003374,2933194.496853858
20 BELLEVUE ST DORCHESTER,773142.4912836701,2938928.8676109016
20 BOURNE ST JAMAICA PLAIN,760645.7296089083,2931758.724112615
20 BRAEMORE RD BROOKLINE,750485.5031365603,2948598.628655061
20 BRENT ST DORCHESTER,772438.9529150575,2930705.3277718574
20 BROOKS ST BRIGHTON,747535.8365541846,2955192.764860168
20 CARSON ST DORCHESTER,776696.1275238991,2941948.4933285415
20 CITY HALL AV BOSTON,775451.2863905579,2955880.7368290126
20 CLAYMOSS RD BRIGHTON,752180.4698153585,2950486.332613915
20 CLEVELAND PL BOSTON,776052.4466874748,2958787.926116094
20 CRAWFORD ST ROXBURY,768535.2243372798,2938493.547911614
20 CUSHMAN RD BRIGHTON,751402.7452665865,2954277.511963308
20 DANUBE ST DORCHESTER,771045.7385141999,2941002.864859253
20 DECKARD ST ROXBURY,768547.049660176,2940273.025549993
20 DONALD RD DORCHESTER,766994.7159594297,2931320.6927298605
20 DRAPER ST DORCHESTER,774184.6568336636,2935396.1896870583
20 EAST COTTAGE ST DORCHESTER,772276.055039838,2942536.8672531396
20 ELTON ST DORCHESTER,776293.8811697811,2939725.1421067864
20 F ST SOUTH BOSTON,777439.0661967099,2946994.595757872
20 FOLSOM ST DORCHESTER,772020.3067275137,2941356.583963841
20 FRANKFORT ST EAST BOSTON,781593.73904939,2959996.798659727
20 HENDRY ST DORCHESTER,773739.1290840656,2938080.5488721877
20 HEREFORD ST BOSTON,767936.051761508,2953179.894950941
20 JOY ST BOSTON,773685.2516500652,2956220.807096556
20 JUDSON ST DORCHESTER,771123.0515826195,2941876.5467745513
20 LANGDON ST ROXBURY,771707.4697213918,2943519.6240429133
20 MELLEN ST DORCHESTER,773061.2532749474,2929439.091646448
20 MELTON RD BRIGHTON,750636.1393155903,2950734.1460692436
20 MORSE ST ROXBURY,770231.2113372535,2936304.6798564196
20 MYSTIC ST CHARLESTOWN,774287.4531342387,2963741.0414203554
20 OLD RD ROXBURY,768467.8804176599,2935345.764531255
20 PARK VIEW ST ROXBURY,766434.9403613955,2938586.5075176507
20 PASADENA RD DORCHESTER,769030.1535950303,2936488.8977267593
20 PRIESING ST JAMAICA PLAIN,763323.174258247,2942634.5123530626
20 STILLMAN ST BOSTON,775924.2751140296,2957871.9438135773
20 TELEGRAPH ST SOUTH BOSTON,777837.6377010942,2946716.459348932
20 THELMA RD DORCHESTER,776882.5454050899,2932648.077060476
20 THORNLEY ST DORCHESTER,775562.1714732796,2939774.321345791
20 TOWER ST JAMAICA PLAIN,761003.2454332411,2934472.0312067717
20 TRENTON ST CHARLESTOWN,774597.713632822,2963155.1602365673
20 VESTA RD DORCHESTER,768056.935931325,2933223.0467952937
20 VINTON ST SOUTH BOSTON,776793.2669993341,2945577.9532827586
20 WARWICK ST ROXBURY,768664.551407814,2947814.2499428988
20 WORLEY ST WEST ROXBURY,747633.6343696266,2931494.2667814046
20 YORK ST DORCHESTER,769644.0793981701,2934542.9737695605
200 LEYDEN ST EAST BOSTON,790235.1016217321,2967081.135082096
200 POND ST JAMAICA PLAIN,758585.2880562395,2939259.722025439
201 BELGRADE AV ROSLINDALE,753804.4201440662,2929578.6582176387
2017 COMMONWEALTH AV BRIGHTON,748322.5404736698,2949178.3606951386
202 EAST EAGLE ST EAST BOSTON,782262.592243582,2964388.594275862
202 FALCON ST EAST BOSTON,782991.9800592065,2964617.6766422987
202 HAVRE ST EAST BOSTON,781408.9024543315,2961882.767104864
202 SAVIN HILL AV DORCHESTER,778106.6005940288,2937931.4102125764
2022 COMMONWEALTH AV BRIGHTON,748052.4293414056,2949003.4971801788
203 HILLSIDE ST ROXBURY,761899.7052477598,2946305.5943956226
203 LEXINGTON ST EAST BOSTON,782522.9921801984,2963669.067044914
204 LEXINGTON ST EAST BOSTON,782464.1319862604,2963742.7497174293
204 WEST FIFTH ST SOUTH BOSTON,777576.5180358291,2948039.9991795123
205 HUMBOLDT AV ROXBURY,767058.6033671647,2939303.177002549
205 LONDON ST EAST BOSTON,781386.139070645,2962101.923566699
205 PRINCETON ST EAST BOSTON,782618.2189314365,2963422.8947523087
205 WALNUT AV ROXBURY,767152.2932860851,2941826.534706697
205 WEST FIFTH ST SOUTH BOSTON,777542.5695248246,2947956.817903459
2051 COMMONWEALTH AV BRIGHTON,747766.5845783055,2949229.8061721176
2055 COLUMBUS AV ROXBURY,765409.3784671277,2939573.67188929
206 SAVIN HILL AV DORCHESTER,778195.7782982588,2937951.3702834845
207 COMMONWEALTH AV BOSTON,769352.497672081,2953393.0120427907
207 FALCON ST EAST BOSTON,783042.5651883185,2964517.925277695
207 HARVARD ST DORCHESTER,768476.7581796348,2933171.966625944
207 I ST SOUTH BOSTON,780548.8545581549,2945983.6132069677
207 WEBSTER ST EAST BOSTON,782257.1201891154,2958355.48412171
208 ALLSTON ST BRIGHTON,753857.413037613,2951470.055291608
208 BENNINGTON ST EAST BOSTON,782804.8660371304,2963072.5245027393
208 HANOVER ST BOSTON,776198.9141861498,2957614.5458711237
208 HOWARD AV DORCHESTER,771069.3398676515,2939545.688356146
208 WEST SPRINGFIELD ST BOSTON,769578.8541419208,2949333.7779286504
209 BLUE HILL AV ROXBURY,770248.2676962614,2940982.987345457
209 HARVARD ST DORCHESTER,768433.9473294169,2933160.4028850943
209 NORWELL ST DORCHESTER,770232.2549437732,2932888.0001126677
209 PARIS ST EAST BOSTON,781889.5463083237,2961903.8488032967
21 ARBOROUGH RD ROSLINDALE,756798.9182601869,2930768.510873705
21 ASHLEY ST EAST BOSTON,789904.2242242545,2966844.5025203526
21 BERTSON AV WEST ROXBURY,746617.376026392,2929660.3510464877
21 BRIGHTON ST CHARLESTOWN,770230.8983460218,2965031.4359328896
21 BURR ST JAMAICA PLAIN,761745.5678006113,2940756.9496125877
21 COOPER ST BOSTON,776027.5235130638,2958184.5624818653
21 CORTES ST BOSTON,772270.3023516834,2952277.874174297
21 DANFORTH ST JAMAICA PLAIN,763034.2162151933,2941336.052041307
21 EDSON ST DORCHESTER,770334.7899647206,2929815.5330073684
21 GLENMONT RD BRIGHTON,748327.8238261789,2951344.1756607443
21 HUMPHREYS ST DORCHESTER,773514.269226417,2941952.4394373447
21 KENWOOD ST DORCHESTER,772368.6756476462,2931627.9581896216
21 LANGDON ST ROXBURY,771773.3932353854,2943443.836920157
21 LINDEN ST SOUTH BOSTON,779246.6985305846,2947007.6391761303
