,lat,long,tot_num_serv_connects_sdwis,tot_num_serv_connects,tot_num_sl_w_lead,no_lead_serv_connects,unk_mat_serv_connects,pct_lsl_calc
0,38.961643,-84.953909,1875,2070.0,,2070.0,,
1,39.994865,-86.620247,208,211.0,0.0,211.0,,0.0
2,41.03847,-86.032879,500,481.0,,405.0,76.0,
3,40.299449,-85.235016,940,,,,,
4,41.395604,-85.424424,912,,,,,
5,40.26332,-85.672938,2003,2434.0,479.0,1965.0,,19.68
6,38.662549,-87.046118,204,,,,,
7,40.490036,-87.516964,90,,,,,
8,41.337728,-86.445163,5,6.0,,6.0,,
9,39.496644,-85.46909,294,300.0,0.0,200.0,100.0,0.0
10,40.11052,-85.720973,21500,27745.0,6936.0,18034.0,2775.0,25.0
11,40.862545,-85.601646,447,,,,,
12,37.947392,-86.769278,1030,,,,,
13,41.635098,-84.999853,3155,3010.0,410.0,2000.0,600.0,13.62
14,40.723864,-86.286764,81,,,,,
15,39.73609,-86.262283,185,,,,,
16,41.04037,-85.232577,214,,,,,
17,39.916363,-86.070166,460,,,,,
18,40.17587,-86.021652,650,653.0,28.0,625.0,0.0,4.29
19,41.235849,-86.247098,740,,,,,
20,39.937117,-85.960609,47,50.0,,50.0,,
21,41.527998,-85.071786,400,400.0,0.0,400.0,0.0,0.0
22,40.215315,-86.026375,300,300.0,0.0,300.0,0.0,0.0
23,40.29303,-87.246764,1400,,,,,
24,41.373216,-85.069559,5413,5238.0,150.0,5038.0,50.0,2.86
25,39.05719,-84.899759,2590,1924.0,12.0,1884.0,30.0,0.62
26,40.167486,-85.479632,32,,,,,
27,41.472644,-87.030529,99,,,,,
28,41.33199,-85.849992,23,,,,,
29,41.365882,-85.238863,825,823.0,,540.0,283.0,
30,39.25,-86.45,1788,1800.0,0.0,1800.0,0.0,0.0
31,39.762233,-86.817696,335,310.0,,310.0,,
32,39.521386,-86.168272,13000,11000.0,0.0,11000.0,0.0,0.0
33,39.298127,-85.224191,2910,,,,,
34,40.508369,-86.841676,850,,,,,
35,39.281968,-86.765401,3800,3716.0,,2581.0,1135.0,
36,38.860165,-86.486821,5855,5832.0,,15.0,5817.0,
37,41.61362,-86.896071,43,,,,,
38,41.350458,-85.11723,60,,,,,
39,40.656404,-84.951093,1568,1568.0,134.0,1302.0,0.0,8.55
40,38.773856,-87.306442,1505,1505.0,200.0,,,13.29
41,40.122718,-85.946149,24,,,,,
42,39.64449,-86.864732,208,,,0.0,150.0,
43,38.29903,-86.688651,360,360.0,0.0,360.0,0.0,0.0
44,39.832555,-87.250557,190,,,,,
45,41.23582,-85.372481,50,,,,,
46,41.257772,-85.36041,110,,,,,
47,39.661576,-86.185347,50,52.0,0.0,52.0,,0.0
48,38.357461,-86.297153,800,786.0,0.0,786.0,0.0,0.0
49,40.557585,-85.658699,15,,,,,
50,40.737109,-85.157246,4302,4302.0,1094.0,47.0,3161.0,25.43
51,38.466728,-85.945804,3961,,,,,
52,40.51916,-87.383654,400,,,,,
53,41.297115,-86.11583,772,775.0,,109.0,666.0,
54,39.523675,-87.125024,4806,4650.0,70.0,4480.0,100.0,1.51
55,41.446236,-86.147114,1810,1797.0,,25.0,1772.0,
56,41.53042,-87.410057,38,,,,,
57,41.716605,-85.790839,70,,,,,
58,41.721439,-85.817495,667,,,,,
59,40.866426,-87.363637,427,441.0,0.0,441.0,,0.0
60,39.53879,-86.369974,570,561.0,0.0,561.0,0.0,0.0
61,40.602594,-86.865996,680,,,,,
62,39.426174,-85.010984,1199,1215.0,34.0,1169.0,12.0,2.8
63,39.269419,-86.2497,5250,5500.0,0.0,3500.0,2000.0,0.0
64,39.844136,-86.396312,9000,700.0,200.0,0.0,500.0,28.57
65,38.759491,-87.415574,225,,,,,
66,39.485004,-87.189006,69,,,,,
67,40.660318,-86.10277,385,,,,,
68,40.47005,-86.163792,19,16.0,16.0,16.0,,100.0
69,38.954649,-85.667403,300,,,,,
70,41.426572,-84.873809,1014,2684.0,,,2684.0,
71,39.87738,-85.426821,21,,,,,
72,39.814312,-85.172035,1050,,,,,
73,40.608649,-86.540001,282,285.0,0.0,203.0,82.0,0.0
74,39.353888,-85.966788,205,,,,,
75,38.651141,-86.261766,347,347.0,0.0,347.0,0.0,0.0
76,38.880528,-85.241196,1674,1790.0,0.0,1790.0,0.0,0.0
77,40.452921,-86.968955,86,,,,,
78,37.912528,-86.742439,660,,,,,
79,39.449095,-87.08782,435,,,,,
80,38.962303,-87.402557,450,450.0,,,450.0,
81,39.978618,-86.127931,364,467.0,0.0,467.0,0.0,0.0
82,39.978642,-86.127855,30720,29382.0,0.0,27044.0,2338.0,0.0
83,40.739987,-85.753089,40,,,,,
84,41.667024,-85.064313,20,,,,,
85,39.917924,-85.446787,330,,,,,
86,39.514768,-86.793897,1200,,,,,
87,39.984085,-87.494685,574,574.0,43.0,415.0,112.0,7.49
88,41.312618,-87.220206,15,48.0,,48.0,,
89,41.389104,-87.474598,23,,,,,
90,41.372923,-87.408878,280,305.0,,305.0,,
91,41.369622,-87.44145,90,,,,,
92,41.374541,-87.444469,35,,,,,
93,41.383493,-87.439459,1211,1255.0,,1255.0,,
94,39.416986,-87.077236,254,250.0,10.0,200.0,40.0,4.0
95,39.811425,-84.949606,1073,1071.0,,,1071.0,
96,39.767985,-86.165241,6,,,,,
97,40.663093,-86.869457,240,,,,,
98,38.033904,-87.382662,7000,7000.0,0.0,7000.0,0.0,0.0
99,38.443689,-85.660999,2700,,,,,
100,38.444905,-85.609168,66,82.0,0.0,79.0,3.0,0.0
101,40.112866,-85.599557,1074,,,,,
102,41.404195,-87.254875,45,,,,,
103,38.014773,-87.036386,325,358.0,0.0,358.0,,0.0
104,41.226272,-85.318085,782,785.0,,755.0,30.0,
105,40.123926,-86.013318,2218,,,,,
106,39.793951,-86.158245,323911,373532.0,23482.0,297818.0,52232.0,6.29
107,39.429339,-86.404097,1693,2247.0,0.0,2247.0,0.0,0.0
108,40.02167,-86.145146,12976,13450.0,0.0,13450.0,0.0,0.0
109,39.09,-86.47,25432,25776.0,7000.0,15364.0,10412.0,27.16
110,39.952251,-87.46192,15,,,,,
111,39.109552,-84.860813,1900,1895.0,551.0,1344.0,0.0,29.08
112,39.852262,-86.006178,14500,14933.0,0.0,14933.0,0.0,0.0
113,40.246981,-86.725006,280,260.0,0.0,260.0,0.0,0.0
114,39.276161,-87.113012,543,,,,,
115,41.129523,-85.880045,168,,,,,
116,40.727477,-86.777343,15,,,,,
117,41.590552,-86.280217,227,,,,,
118,39.658985,-87.464104,840,830.0,0.0,830.0,,0.0
119,39.660954,-87.39927,1954,1964.0,0.0,500.0,1464.0,0.0
120,39.514768,-86.793897,1020,,,,,
121,41.666969,-85.064156,18,,,,,
122,41.708332,-86.061797,349,,,,,
123,40.193802,-86.667924,269,247.0,0.0,247.0,0.0,0.0
124,41.698393,-86.778175,59,,,,,
125,41.156811,-85.474818,3908,3818.0,1267.0,2000.0,551.0,33.18
126,39.2,-85.92,14230,15000.0,2000.0,12000.0,1000.0,13.33
127,39.641159,-85.141075,5883,5920.0,350.0,5570.0,3700.0,5.91
128,40.843376,-85.531075,476,,,,,
129,39.31854,-86.115538,1356,1348.0,0.0,1248.0,100.0,0.0
130,41.437272,-85.147193,94,100.0,0.0,100.0,,0.0
131,38.210999,-86.12753,2300,,,,,
132,40.805192,-84.955112,38,,,,,
133,40.274867,-85.432009,100,100.0,,100.0,,
134,40.98512,-85.090865,250,0.0,0.0,250.0,0.0,
135,40.278539,-86.483079,60,,,,,
136,39.617641,-86.437274,511,,,,,
137,41.051105,-86.229424,28,,,,,
138,39.807889,-84.887116,22,22.0,,22.0,,
139,40.116589,-85.472695,17,,,,,
140,39.47753,-86.08003,20,,,,,
141,39.528874,-87.104773,36,2.0,,2.0,,
142,40.151221,-85.369925,68,60.0,0.0,55.0,5.0,0.0
143,40.241307,-85.455881,147,,,,,
144,40.380081,-85.653725,38,,,,,
145,40.146306,-87.40049,1247,1258.0,,,1258.0,
146,38.836498,-86.898805,125,,,,,
147,38.342505,-86.354587,960,,,951.0,,
148,41.457827,-86.307881,42,,,,,
149,41.174742,-86.048577,58,,,,,
150,40.756121,-86.395374,47,,,,,
151,41.400604,-85.615818,235,,,,,
152,41.521659,-87.378177,42,45.0,0.0,45.0,0.0,0.0
153,38.795334,-85.840883,750,,,,,
154,41.424426,-87.345938,13048,,,,,
155,41.225093,-86.404714,50,,,,,
156,41.217726,-86.422523,850,,,,,
157,41.44244,-86.001613,44,,,,,
158,38.187544,-87.710303,270,,,,,
159,38.168942,-86.989997,654,,,,,
160,40.121361,-85.558114,714,714.0,,,714.0,
161,39.804535,-87.494653,15,,,,,
162,39.761462,-86.52013,3300,3500.0,100.0,3500.0,0.0,2.86
163,40.109903,-86.776572,317,319.0,0.0,319.0,0.0,0.0
164,38.659215,-87.172789,2847,3000.0,,3000.0,,
165,40.377537,-86.775571,535,536.0,0.0,536.0,0.0,0.0
166,39.386711,-85.548512,1090,,,,,
167,40.831282,-84.924047,4460,4400.0,2300.0,2000.0,100.0,52.27
168,38.861196,-87.302036,109,0.0,0.0,,109.0,
169,40.578928,-86.190272,98,86.0,0.0,86.0,0.0,0.0
170,40.52091,-85.64088,56,,,,,
171,40.238831,-85.367726,128,128.0,,128.0,,
172,40.586369,-86.67237,1200,1200.0,,400.0,800.0,
173,39.017835,-85.058843,790,790.0,,790.0,,
174,40.423673,-86.272247,24,,,,,
175,39.812202,-85.208306,401,428.0,0.0,428.0,0.0,0.0
176,38.441313,-86.805359,3452,3427.0,0.0,3427.0,0.0,0.0
177,38.315528,-87.031111,330,330.0,0.0,0.0,330.0,0.0
178,39.070043,-87.261404,843,,,,,
179,41.75356,-86.830917,198,198.0,20.0,178.0,,10.1
180,40.377502,-85.210615,1033,,,,,
181,38.890056,-85.51413,1525,,,,,
182,41.493349,-87.520381,7180,,,,,
183,41.45386,-85.573649,129,,,,,
184,40.043674,-86.192652,38,,,,,
185,40.683663,-87.415632,170,,,,,
186,41.651043,-87.445302,7200,11000.0,9000.0,,2000.0,81.82
187,38.664884,-86.792466,1235,1276.0,0.0,1276.0,0.0,0.0
188,38.868682,-86.455177,3101,3172.0,0.0,3172.0,0.0,0.0
189,39.129492,-86.443816,1383,1380.0,,1380.0,,
190,38.605613,-86.101089,3383,3600.0,0.0,3600.0,0.0,0.0
191,39.295764,-85.949615,5249,5180.0,,3885.0,1295.0,
192,39.027588,-86.937035,6862,6864.0,1127.0,5735.0,0.0,16.42
193,40.342764,-85.349784,642,,,,,
194,40.100968,-85.73209,915,,,,,
195,39.353907,-85.965078,1892,1891.0,300.0,1182.0,409.0,15.86
196,38.860879,-87.302772,191,0.0,0.0,,191.0,
197,38.283555,-85.911347,3977,4100.0,0.0,4100.0,0.0,0.0
198,38.159767,-87.448348,723,696.0,,,696.0,
199,41.658586,-86.026386,76,75.0,,,75.0,
200,41.676487,-86.004065,17577,20260.0,145.0,12025.0,8090.0,0.72
201,39.233937,-86.624297,4981,4861.0,0.0,4861.0,0.0,0.0
202,39.034767,-87.165846,1347,1800.0,0.0,0.0,1800.0,0.0
203,38.875801,-87.086442,265,,,,,
204,40.274744,-85.840545,3516,3514.0,270.0,1145.0,2099.0,7.68
205,38.353806,-86.442849,328,280.0,0.0,280.0,0.0,0.0
206,41.278934,-86.046109,275,234.0,34.0,200.0,,14.53
207,37.988214,-87.518081,60000,60000.0,1300.0,58700.0,0.0,2.17
208,39.563092,-85.090129,775,798.0,,798.0,,
209,40.415755,-85.652415,1160,,,,,
210,39.68313,-87.408881,640,630.0,,630.0,,
211,41.411996,-87.328225,84,,,,,
212,40.187822,-85.127468,670,660.0,,,660.0,
213,41.641717,-85.416647,14,14.0,0.0,14.0,0.0,0.0
214,39.733528,-87.477798,834,,,,,
215,39.414293,-87.451288,15,15.0,,15.0,,
216,38.22097,-86.867226,965,,,,,
217,38.014773,-87.036386,710,,,,,
218,40.548104,-86.523737,995,,,,,
219,38.379554,-85.995005,2291,2240.0,0.0,2240.0,0.0,0.0
220,41.472592,-87.029707,228,,,,,
221,38.238203,-87.560846,1407,1400.0,,1300.0,100.0,
222,41.086406,-85.130029,96618,101000.0,28000.0,66000.0,7000.0,27.72
223,39.934374,-85.840695,1700,,,,,
224,39.955603,-84.917462,344,339.0,0.0,339.0,0.0,0.0
225,40.617866,-87.320443,1119,,,,,
226,40.985317,-86.879461,453,,,,,
227,38.332269,-87.445295,372,,,,,
228,40.266839,-86.539305,6900,7000.0,1500.0,5000.0,500.0,21.43
229,39.436259,-85.019425,3607,3406.0,0.0,3406.0,0.0,0.0
230,40.223092,-85.780152,921,,,,,
231,38.865036,-87.305652,440,0.0,0.0,0.0,440.0,
232,41.730883,-84.93274,862,30.0,10.0,20.0,0.0,33.33
233,40.578928,-86.190272,639,,,,,
234,39.763194,-86.243989,47,,,,,
235,41.349494,-85.135527,2250,2250.0,,,2250.0,
236,40.488842,-85.613099,2540,2400.0,100.0,2300.0,,4.17
237,40.313931,-85.500528,323,,,,,
238,41.44359,-86.318322,75,82.0,,82.0,,
239,40.655108,-85.037212,575,575.0,,288.0,287.0,
240,38.104218,-87.033053,640,620.0,,620.0,620.0,
241,40.864737,-87.323209,1,1.0,,,,
242,38.294512,-85.975524,1300,,,,,
243,38.098387,-87.602553,4703,4651.0,0.0,4651.0,0.0,0.0
244,38.173478,-87.559104,1740,1720.0,0.0,1720.0,0.0,0.0
245,41.692287,-85.015358,48,48.0,0.0,48.0,0.0,0.0
246,40.157045,-85.29758,30,30.0,,30.0,,
247,39.625881,-85.300244,122,150.0,0.0,145.0,5.0,0.0
248,41.691244,-84.967219,41,,,,,
249,39.976996,-85.394166,150,,,,,
250,40.763373,-87.293633,494,,,,,
251,41.589721,-85.83235,10407,10637.0,1600.0,10637.0,1348.0,15.04
252,39.349647,-86.664334,372,362.0,,146.0,216.0,
253,41.210883,-84.966911,500,560.0,0.0,560.0,0.0,0.0
254,37.933663,-86.981106,322,324.0,0.0,324.0,0.0,0.0
255,38.281269,-86.471697,100,99.0,0.0,99.0,0.0,0.0
256,41.015222,-85.332157,47,48.0,0.0,48.0,0.0,0.0
257,41.718824,-86.823744,227,,,,,
258,39.64449,-86.864732,3802,,,,,
259,39.780987,-85.766264,7677,8044.0,,7698.0,346.0,
260,39.347456,-85.489235,4796,4500.0,0.0,4500.0,0.0,0.0
261,40.478094,-85.966653,980,900.0,,900.0,,
262,38.372564,-85.986359,1815,1786.0,,100.0,1686.0,
263,41.523314,-87.42724,5796,5596.0,0.0,5596.0,,0.0
264,39.91917,-85.152355,37,,,,,
265,39.911489,-85.161009,930,900.0,25.0,800.0,75.0,2.78
266,39.990378,-86.09984,44,,,,,
267,41.733706,-86.484886,26,,,,,
268,41.523278,-84.917231,985,980.0,0.0,980.0,,0.0
269,41.380954,-86.582019,347,,,,,
270,41.59541,-87.499737,24115,24148.0,,,24148.0,
271,38.720999,-85.467447,109,,,,,
272,38.714164,-85.467087,1125,,,,,
273,40.079371,-85.699088,19,,,,,
274,40.456838,-85.369412,2508,,,,,
275,38.205007,-87.574821,868,841.0,,841.0,,
276,38.976092,-85.739772,952,1102.0,1102.0,,,100.0
277,38.489045,-87.542875,147,,,,,
278,41.318648,-87.200309,1376,1296.0,,1296.0,,
279,39.385679,-85.045161,864,850.0,0.0,850.0,0.0,0.0
280,40.419825,-86.8891,24,,,,,
281,40.687314,-85.4299,1,,,,,
282,39.014313,-85.644188,90,,,,,
283,41.553655,-87.447973,9093,9196.0,461.0,7356.0,1103.0,5.01
284,39.612824,-86.37416,2985,2950.0,0.0,2950.0,0.0,0.0
285,40.108371,-87.158989,280,,,,,
286,39.785871,-87.390295,265,,,,,
287,40.770847,-86.347761,48,48.0,,48.0,,
288,39.056558,-84.901661,478,475.0,,,475.0,
289,41.634773,-84.999409,90,,,,,
290,38.169748,-87.10373,545,,,,,
291,41.466711,-86.483068,33,,,,,
292,39.075942,-85.348391,945,945.0,0.0,945.0,0.0,0.0
293,41.193838,-85.8241,40,,,,,
294,41.086409,-85.130027,32,26.0,0.0,26.0,0.0,0.0
295,41.536202,-87.125034,18,,,,,
296,39.133951,-85.130736,3483,3413.0,0.0,3413.0,0.0,0.0
297,39.766924,-85.516945,25,28.0,0.0,28.0,0.0,0.0
298,39.302044,-85.767772,830,850.0,0.0,850.0,,0.0
299,41.532828,-85.081079,253,,,,,
300,41.228502,-85.172422,3350,3294.0,0.0,3294.0,0.0,0.0
301,38.294581,-86.985291,2459,2700.0,45.0,2655.0,0.0,1.67
302,40.855939,-85.498475,7516,6844.0,,2976.0,3868.0,
303,39.186324,-87.303477,418,433.0,0.0,433.0,0.0,0.0
304,41.418631,-87.236494,1659,1661.0,0.0,1661.0,0.0,0.0
305,41.366807,-87.378197,32,,,,,
306,40.148586,-86.013021,18,,,,,
307,40.0516,-86.845284,5919,6055.0,155.0,5900.0,0.0,2.56
308,39.253897,-87.379765,701,650.0,50.0,580.0,20.0,7.69
309,39.619891,-86.081502,30226,30000.0,778.0,29222.0,,2.59
310,40.486291,-86.110741,20974,24600.0,986.0,22587.0,1027.0,4.01
311,39.726994,-87.331921,313,340.0,0.0,340.0,0.0,0.0
312,39.135696,-87.60502,136,130.0,0.0,120.0,10.0,0.0
313,39.612737,-86.384027,3811,3800.0,100.0,3650.0,50.0,2.63
314,40.18224,-85.350136,26882,30000.0,1996.0,26924.0,1080.0,6.65
315,37.948227,-87.405916,8433,8640.0,20.0,8620.0,0.0,0.23
316,40.008358,-86.006377,15667,15696.0,249.0,15447.0,0.0,1.59
317,41.599334,-87.342584,66713,80026.0,35632.0,44108.0,286.0,44.53
318,39.854269,-84.879186,15121,17000.0,4617.0,12383.0,0.0,27.16
319,40.417864,-86.271109,449,460.0,0.0,460.0,0.0,0.0
320,39.634274,-86.094017,31405,34183.0,233.0,33721.0,279.0,0.68
321,38.95712,-85.890949,7484,7450.0,20.0,4350.0,3100.0,0.27
322,39.522928,-85.769484,6652,6707.0,593.0,6107.0,7.0,8.84
323,40.668723,-85.829446,93,97.0,0.0,97.0,0.0,0.0
324,39.095461,-87.409606,2409,5350.0,250.0,3600.0,1500.0,4.67
325,40.340801,-85.644747,378,420.0,31.0,389.0,0.0,7.38
326,39.476828,-87.417317,24289,30500.0,6500.0,18000.0,6000.0,21.31
327,40.803973,-85.826506,4406,4460.0,595.0,3865.0,0.0,13.34
328,41.267062,-85.86017,4850,5100.0,262.0,4838.0,0.0,5.14
329,39.877119,-87.04498,220,213.0,13.0,200.0,0.0,6.1
330,40.434741,-86.898871,12176,12013.0,0.0,12013.0,0.0,0.0
331,39.918911,-85.41874,63,63.0,0.0,63.0,0.0,0.0
332,40.171721,-84.96749,2012,2300.0,1039.0,1261.0,0.0,45.17
333,37.918637,-87.298211,650,664.0,0.0,664.0,0.0,0.0
334,39.472929,-86.044727,62,62.0,0.0,62.0,0.0,0.0
335,39.961898,-85.802537,1068,1606.0,0.0,1606.0,0.0,0.0
336,41.383768,-86.196494,22,,,,,
337,38.414692,-86.9994,1610,,,1567.0,,
338,39.520324,-87.360319,15,,,,,
339,41.61,-86.72,119,,,,,
340,39.031872,-85.831488,381,375.0,,375.0,0.0,
341,38.886295,-86.057063,4919,5225.0,75.0,5150.0,0.0,1.44
342,39.926711,-86.628893,487,,,,,
343,39.162862,-87.201749,2200,1650.0,0.0,1300.0,350.0,0.0
344,38.39,-86.93,6031,6530.0,2000.0,4530.0,0.0,30.63
345,39.007358,-85.625987,1220,3000.0,0.0,3000.0,0.0,0.0
346,39.004777,-85.609716,3080,3200.0,,3200.0,,
347,40.481863,-85.628225,900,850.0,,,850.0,
348,41.441466,-85.265577,3549,3540.0,540.0,2000.0,1000.0,15.25
349,38.714226,-85.473571,2700,,,,,
350,40.770441,-87.445495,899,896.0,0.0,896.0,0.0,0.0
351,41.016155,-86.414638,311,311.0,,311.0,,
352,39.96754,-87.277512,273,270.0,0.0,270.0,0.0,0.0
353,40.473632,-86.899842,34,,,,,
354,41.526211,-86.699816,103,,,,,
355,41.476408,-86.693839,535,,,,,
356,40.192979,-86.359832,325,500.0,0.0,500.0,0.0,0.0
357,39.794914,-85.524885,1052,,,,,
358,39.449092,-87.087859,565,,,,,
359,38.680979,-87.423293,1263,1266.0,,,800.0,
360,41.302172,-86.619789,1513,1450.0,600.0,850.0,,41.38
361,40.450835,-86.042313,182,,,,,
362,41.313045,-87.028229,783,816.0,0.0,796.0,30.0,0.0
363,40.904467,-85.166946,192,190.0,0.0,190.0,0.0,0.0
364,40.024213,-85.182743,187,201.0,0.0,201.0,,0.0
365,41.507518,-87.03873,904,917.0,0.0,917.0,0.0,0.0
366,41.31754,-86.891411,276,276.0,,276.0,,
367,39.913369,-86.80026,445,,,,,
368,40.426951,-86.892773,27667,29000.0,2900.0,26100.0,0.0,10.0
369,40.673231,-85.720466,396,450.0,75.0,375.0,75.0,16.67
370,41.656572,-85.425944,1287,,,,,
371,40.8381,-85.730261,224,194.0,,194.0,,
372,40.766384,-86.535308,31,31.0,0.0,,31.0,0.0
373,41.289766,-85.734807,124,124.0,0.0,124.0,0.0,0.0
374,39.398301,-85.306294,554,,,,,
375,41.565753,-87.232014,3267,3267.0,18.0,0.0,0.0,0.55
376,41.307427,-85.744422,23,,,,,
377,40.796796,-85.900755,27,42.0,,42.0,42.0,
378,41.365989,-85.057462,30,30.0,0.0,30.0,0.0,0.0
379,41.376859,-87.453156,98,,,,,
380,41.066621,-87.134078,38,,,,,
381,41.632892,-86.738173,93,93.0,0.0,93.0,,0.0
382,41.523739,-86.274102,320,560.0,,330.0,230.0,
383,41.753538,-85.056751,30,,,,,
384,41.666985,-85.064246,19,,,,,
385,38.237013,-85.985801,407,416.0,0.0,416.0,0.0,0.0
386,40.068373,-85.848313,864,,,,,
387,41.611671,-86.72981,8085,8122.0,5825.0,1131.0,4694.0,71.72
388,39.500662,-85.185752,271,270.0,0.0,0.0,0.0,0.0
389,39.090891,-84.84995,1700,1692.0,25.0,1667.0,25.0,1.48
390,41.450276,-87.426135,21,,,,,
391,38.199787,-86.344144,201,,,,,
392,40.044464,-86.467506,6449,,,,,
393,39.553023,-87.494248,30,,,,,
394,41.67623,-85.028681,19,19.0,,19.0,,
395,33.003635,-93.460552,20,,,,,
396,39.7886,-85.142925,45,,,,,
397,39.807019,-85.352445,199,199.0,,,199.0,
398,41.550075,-87.051274,222,,,,,
399,40.414636,-85.650886,36,,,,,
400,39.689698,-86.390064,161,,,,,
401,39.635605,-84.931071,1160,1160.0,,,1160.0,
402,41.470331,-85.586855,1306,317.0,,317.0,,
403,41.676229,-85.028681,16,16.0,,16.0,,
404,40.188094,-86.903896,347,,,,321.0,
405,39.03308,-87.166557,3218,,,,,
406,40.042912,-86.194655,25,,,,,
407,39.086717,-84.916896,2046,2050.0,0.0,2050.0,0.0,0.0
408,40.754233,-86.362541,7330,7330.0,,3343.0,3987.0,
409,41.745909,-86.85079,1130,1130.0,100.0,1030.0,0.0,8.85
410,38.676995,-86.91417,1450,1450.0,,1440.0,10.0,
411,41.291424,-87.42059,3560,3608.0,146.0,3462.0,,4.05
412,39.643028,-87.367639,360,,,,,
413,40.837294,-86.782426,41,,,,,
414,40.049769,-84.939685,509,,,,,
415,38.196159,-87.296675,450,,,,,
416,38.972191,-87.082404,470,,,,,
417,38.761359,-85.401483,50,51.0,0.0,51.0,0.0,0.0
418,38.736094,-85.380426,5771,5670.0,75.0,5595.0,0.0,1.32
419,41.472465,-87.029705,51,,,,,
420,40.72847,-86.290949,86,77.0,,77.0,,
421,40.578382,-86.129431,110,,,,,
422,41.451709,-86.286356,30,,,,,
423,39.476014,-86.393395,615,,,,,
424,40.579127,-85.658449,10685,,,,,
425,40.825755,-85.339021,465,,,,,
426,39.847369,-87.187181,153,165.0,,150.0,15.0,
427,39.427825,-86.428328,4882,4320.0,1200.0,320.0,4000.0,27.78
428,38.540475,-85.668498,2300,,,,,
429,41.195998,-84.919682,476,,,,,
430,41.730405,-85.913703,51,50.0,0.0,50.0,,0.0
431,41.297778,-85.839274,221,221.0,,221.0,,
432,41.080515,-86.888483,249,,,,,
433,38.824844,-86.170016,369,330.0,0.0,330.0,0.0,0.0
434,41.173377,-86.034719,400,,,,,
435,41.219641,-85.782231,78,0.0,0.0,87.0,0.0,
436,41.163114,-85.404366,94,,,,,
437,41.709999,-86.899999,13650,,,,,
438,41.675328,-85.706101,1300,1489.0,115.0,1374.0,,7.72
439,40.051829,-85.536887,986,1000.0,50.0,150.0,800.0,5.0
440,41.749208,-85.005742,49,51.0,,,51.0,
441,39.12281,-85.132765,704,701.0,0.0,577.0,124.0,0.0
442,41.385574,-85.787366,630,630.0,0.0,0.0,630.0,0.0
443,40.80936,-85.139797,78,80.0,0.0,80.0,0.0,0.0
444,41.527827,-85.694433,363,371.0,71.0,300.0,0.0,19.14
445,41.27892,-86.046872,42,,,,,
446,39.788102,-85.155242,258,266.0,215.0,51.0,,80.83
447,41.661914,-86.178971,17457,18359.0,4602.0,11171.0,2586.0,25.07
448,38.730163,-86.471057,2000,1846.0,1600.0,,246.0,86.67
449,41.677485,-85.02819,19,19.0,,19.0,,
450,40.447112,-86.882812,15,,,15.0,,
451,40.863703,-86.879463,700,700.0,,,700.0,
452,38.615326,-87.354461,325,325.0,0.0,325.0,0.0,0.0
453,40.744838,-84.937752,360,360.0,0.0,360.0,,0.0
454,40.974771,-84.868297,400,,,,,
455,39.792816,-87.37085,479,479.0,0.0,479.0,0.0,0.0
456,38.662549,-87.046118,368,340.0,0.0,340.0,0.0,0.0
457,40.742743,-86.761598,2520,,,,,
458,40.552838,-85.286854,662,600.0,,200.0,400.0,
459,39.427825,-86.428328,3000,3300.0,,3300.0,,
460,39.371437,-86.261102,417,416.0,,416.0,0.0,
461,40.946146,-87.453363,542,531.0,,,531.0,
462,39.498116,-87.410626,34,36.0,0.0,36.0,,0.0
463,39.675493,-85.705051,525,,,,,
464,40.004398,-85.386597,168,,,,,
465,37.943293,-87.890278,3264,3427.0,,,3427.0,
466,40.34448,-86.665282,510,510.0,,510.0,0.0,
467,41.561814,-87.503899,8380,8380.0,,,8380.0,
468,39.034053,-85.512781,19,65.0,0.0,65.0,,0.0
469,39.205241,-85.330804,1515,1530.0,0.0,1530.0,,0.0
470,41.442891,-85.999728,2650,1838.0,1.0,434.0,1403.0,0.05
471,39.20725,-86.246954,1326,1310.0,0.0,1310.0,,0.0
472,38.9579,-85.893291,620,625.0,0.0,625.0,,0.0
473,38.876211,-86.899792,500,365.0,,292.0,73.0,
474,41.693873,-86.468711,860,803.0,342.0,451.0,10.0,42.59
475,39.964883,-85.37203,10,27.0,0.0,6.0,21.0,0.0
476,39.931045,-85.379726,8500,8345.0,1252.0,1669.0,5424.0,15.0
477,41.55854,-87.275935,2236,,,2322.0,,
478,41.561374,-86.897638,412,412.0,0.0,412.0,0.0,0.0
479,38.12841,-87.929133,653,653.0,10.0,643.0,0.0,1.53
480,41.070604,-85.014412,5089,5072.0,247.0,4500.0,250.0,4.87
481,39.95391,-86.919212,283,,,,,
482,38.50506,-86.016919,745,,,,,
483,40.177966,-86.992436,155,147.0,,,147.0,
484,39.035,-87.053,90,110.0,0.0,110.0,,0.0
485,39.834192,-87.43122,46,7.0,0.0,4.0,3.0,0.0
486,39.886814,-87.404636,272,,,,,
487,41.143196,-87.350762,108,,,,,
488,40.947688,-87.460298,3,5.0,0.0,5.0,,0.0
489,41.361273,-87.441052,28,,,,,
490,39.280477,-84.95806,2086,2077.0,0.0,2077.0,,0.0
491,41.217237,-86.775165,869,873.0,23.0,850.0,0.0,2.63
492,38.861162,-86.487215,4400,5164.0,,62.0,5102.0,
493,41.534867,-86.429889,708,,,,,
494,40.998836,-85.765223,2501,2300.0,700.0,900.0,700.0,30.43
495,41.280525,-86.047842,48,48.0,0.0,48.0,,0.0
496,39.859767,-86.642504,228,228.0,,228.0,,
497,39.009069,-85.618732,2346,,,,,
498,41.632894,-85.419472,21,20.0,0.0,20.0,0.0,0.0
499,41.209735,-87.219566,875,829.0,,829.0,,
500,40.883101,-85.497476,190,,,,,
501,41.253249,-85.696607,24,,,,,
502,38.336425,-87.35164,1163,,,,,
503,41.678025,-85.910068,121,,,,,
504,39.248651,-87.381963,325,,,,,
505,40.745047,-84.936911,67,,,,,
506,41.249032,-87.467255,17,,,,,
507,38.842254,-86.991063,657,,,,,
508,41.618236,-87.190112,630,,,,,
509,39.339773,-85.204406,341,0.0,0.0,,341.0,
510,38.894928,-86.523987,472,551.0,0.0,551.0,0.0,0.0
511,41.431995,-85.019967,31,,,,,
512,40.270728,-85.727882,175,,,,,
513,41.730606,-85.171638,205,,,,,
514,38.663563,-86.451915,904,2142.0,,,2142.0,
515,39.122998,-85.296732,756,750.0,,750.0,,
516,40.884263,-85.167298,1329,1376.0,0.0,645.0,731.0,0.0
517,40.490591,-87.096403,565,565.0,563.0,2.0,,99.65
518,38.455204,-87.093346,840,,,777.0,,
519,38.455463,-87.093281,282,282.0,,282.0,,
520,38.27226,-87.690989,850,850.0,150.0,300.0,400.0,17.65
521,40.519759,-87.247792,500,,,,,
522,39.426636,-86.428852,611,,,,,
523,38.40784,-86.109975,1535,1550.0,,1550.0,,
524,38.556991,-86.468244,1655,1750.0,,1750.0,,
525,39.395044,-86.562915,351,367.0,0.0,367.0,0.0,0.0
526,40.178958,-85.199767,563,561.0,0.0,161.0,400.0,0.0
527,38.479707,-86.858364,5079,,,,,
528,38.406991,-87.585579,380,380.0,,,380.0,
529,38.329567,-86.538699,415,425.0,0.0,425.0,0.0,0.0
530,38.837884,-84.826312,3500,3700.0,3700.0,,,100.0
531,39.020102,-87.391789,634,634.0,0.0,0.0,634.0,0.0
532,40.361475,-87.510614,18,,,23.0,,
533,40.002265,-85.747017,1656,1548.0,,1148.0,,
534,40.492583,-85.146871,284,278.0,,278.0,,
535,38.737845,-86.919531,280,,,,,
536,40.051427,-87.433348,238,,,,,
537,40.755366,-86.056799,1060,977.0,0.0,977.0,0.0,0.0
538,40.755619,-86.057084,4843,5364.0,1116.0,4248.0,0.0,20.81
539,38.49129,-87.280208,1480,1400.0,20.0,1380.0,0.0,1.43
540,40.76885,-87.444563,98,,,,,
541,41.200323,-85.705542,525,,,,,
542,38.338659,-87.345013,3308,3300.0,600.0,200.0,,18.18
543,41.725091,-85.708183,125,,,,,
544,40.02155,-86.195517,49,,,,,
545,41.42292,-85.774943,40,40.0,,40.0,,
546,39.81786,-85.125462,20,19.0,19.0,19.0,0.0,100.0
547,39.81786,-85.125462,20,19.0,0.0,19.0,,0.0
548,41.527827,-85.694433,32,,,,,
549,41.217269,-85.021817,450,509.0,0.0,509.0,0.0,0.0
550,39.863783,-86.467901,1232,1232.0,0.0,1232.0,,0.0
551,39.689679,-86.39014,7543,,,,,
552,41.227558,-85.700458,24,,,,,
553,39.631464,-85.201367,195,,,,,
554,39.064649,-87.296558,315,,,,,
555,41.334972,-86.294906,3741,3199.0,1.0,2112.0,1086.0,0.03
556,40.435941,-84.97765,2800,2702.0,800.0,1902.0,800.0,29.61
557,38.460434,-86.277914,1225,1300.0,,1300.0,,
558,38.169564,-87.784559,560,560.0,11.0,299.0,250.0,1.96
559,41.667126,-86.227462,30,,,,,
560,39.362272,-86.084714,1679,1700.0,0.0,1700.0,0.0,0.0
561,38.354997,-87.566601,4350,4350.0,,,4350.0,
562,40.739989,-85.75309,54,,,,,
563,40.417847,-86.912412,260,,,,,
564,39.567103,-86.886867,38,38.0,,38.0,,
565,41.382601,-86.16605,16,,,18.0,,
566,38.306758,-86.165002,5384,,,,,
567,40.49367,-85.150912,553,650.0,25.0,600.0,25.0,3.85
568,39.557544,-86.966957,920,,,,,
569,40.002991,-85.71193,51,,,,,
570,41.198348,-85.686496,131,115.0,0.0,115.0,0.0,0.0
571,40.760873,-87.150852,649,645.0,40.0,605.0,0.0,6.2
572,41.077032,-85.337859,1,1.0,0.0,1.0,,0.0
573,40.934584,-87.150309,2684,2684.0,,,2684.0,
574,37.901233,-87.110968,1581,1650.0,,1650.0,,
575,40.749483,-86.871681,264,,,,,
576,40.80888,-85.883076,32,,,,,
577,39.115569,-86.501273,340,344.0,0.0,344.0,0.0,0.0
578,39.87556,-84.94023,65,,,,,
579,40.289211,-85.028857,360,,,,,
580,41.200323,-85.705542,29,,,,,
581,38.950197,-84.852456,1116,1116.0,95.0,1021.0,0.0,8.51
582,41.291737,-87.426352,19,,,,,
583,40.274773,-85.214606,25,,,,,
584,39.848934,-86.80223,400,,,,,
585,40.729376,-85.972653,25,25.0,,,25.0,
586,40.912074,-85.924728,194,195.0,30.0,82.0,83.0,15.38
587,40.962547,-85.373308,823,,,,,
588,41.222144,-85.800696,50,,,,50.0,
589,41.064765,-86.215833,3661,5100.0,,,5100.0,
590,37.883106,-87.049441,1800,1000.0,242.0,758.0,,24.2
591,39.761195,-87.227936,1500,,,,,
592,41.358168,-87.439241,17,17.0,0.0,17.0,,0.0
593,39.385267,-87.482217,28,28.0,0.0,28.0,0.0,0.0
594,41.665655,-86.602374,50,,,,,
595,41.496161,-85.376645,1,,,,,
596,39.622817,-87.28335,369,,,,,
597,40.146631,-85.333369,1,,,,,
598,40.416798,-86.595246,680,700.0,0.0,700.0,0.0,0.0
599,40.864877,-86.4988,424,424.0,400.0,24.0,400.0,94.34
600,40.37742,-86.922166,47,47.0,,47.0,,
601,40.74704,-86.761334,52,,,,,
602,38.541728,-85.767744,3100,3100.0,0.0,3100.0,0.0,0.0
603,39.609532,-85.447468,2753,,,,,
604,39.857774,-86.983538,160,,,,,
605,38.735893,-85.379958,796,795.0,0.0,795.0,0.0,0.0
606,41.69062,-86.600625,1,,,,,
607,40.532254,-85.540295,66,,,,,
608,38.605455,-86.099223,3364,,,,,
609,39.052713,-86.538727,45,73.0,0.0,73.0,0.0,0.0
610,38.896435,-87.186679,285,,,,,
611,37.09024,-95.712891,Unknown,24.0,0.0,24.0,,0.0
612,38.112712,-86.917333,1717,1690.0,0.0,1690.0,0.0,0.0
613,41.492423,-87.451031,13187,12011.0,,12011.0,,
614,41.183391,-87.448512,123,,,,,
615,38.686032,-85.770229,3096,3000.0,,,3000.0,
616,39.4921,-87.2651,2500,2300.0,240.0,2349.0,1200.0,10.43
617,38.398122,-85.754964,4966,,,,,
618,40.371777,-86.949212,76,76.0,0.0,76.0,,0.0
619,39.118069,-86.759593,44,,,,,
620,41.733079,-86.606073,13,,,,,
621,40.378381,-86.086244,324,,,,,
622,39.17826,-87.393248,1024,1120.0,0.0,1120.0,0.0,0.0
623,39.51353,-85.752853,23,,,,,
624,40.134116,-86.220776,1256,,,,905.0,
625,41.672828,-85.580263,456,445.0,0.0,445.0,0.0,0.0
626,39.891959,-85.576327,400,400.0,,,400.0,
627,38.650801,-86.781852,480,,,,,
628,38.371011,-85.777357,7221,7571.0,0.0,7571.0,,0.0
629,41.634788,-85.073345,250,,,,,
630,41.072266,-85.891657,538,412.0,48.0,329.0,25.0,11.65
631,41.707304,-86.256745,33,,,,,
632,39.510464,-87.460613,48,42.0,0.0,42.0,0.0,0.0
633,41.643629,-86.198541,8,1.0,0.0,1.0,0.0,0.0
634,41.555469,-85.847042,40,,,,,
635,39.601095,-86.833283,549,,,,,
636,41.686049,-86.250553,41729,41729.0,24000.0,17000.0,,57.51
637,38.212012,-86.121915,3249,3215.0,0.0,3215.0,0.0,0.0
638,38.788524,-86.502043,2470,2464.0,0.0,2464.0,0.0,0.0
639,41.418387,-86.17003,34,,,,,
640,41.084768,-85.628038,750,900.0,,800.0,,
641,40.026915,-85.844063,27,26.0,0.0,26.0,0.0,0.0
642,40.028995,-85.843307,4,4.0,,4.0,,
643,39.003125,-86.547441,3376,3500.0,0.0,3500.0,3500.0,0.0
644,40.446284,-86.191281,29,,,,,
645,39.200675,-85.975591,3071,,,,,
646,39.785857,-86.25107,4278,4297.0,1266.0,3019.0,3568.0,29.46
647,39.838606,-85.437759,450,450.0,,450.0,,
648,41.682535,-86.73539,53,,,,,
649,38.565332,-86.611103,1275,1265.0,,1260.0,5.0,
650,38.249079,-87.258102,189,,,,,
651,38.314499,-86.82666,681,675.0,0.0,675.0,0.0,0.0
652,39.709203,-87.521409,345,,,,,
653,38.217463,-86.927715,1231,,,,,
654,41.31589,-84.901773,175,,,172.0,,
655,41.448648,-87.46489,6290,,,,,
656,39.685596,-85.172449,18,18.0,0.0,18.0,,0.0
657,38.172052,-86.839296,220,223.0,0.0,223.0,0.0,0.0
658,39.428105,-85.628309,396,385.0,,385.0,,
659,41.548955,-87.090236,14,,,,,
660,39.487609,-87.186687,325,,,,,
661,39.374863,-86.804,18,,,,,
662,40.911612,-85.280702,36,34.0,0.0,34.0,0.0,0.0
663,38.685934,-85.773132,7549,7600.0,0.0,7600.0,0.0,0.0
664,41.288775,-85.812178,92,6.0,0.0,6.0,0.0,0.0
665,41.288744,-85.812196,85,3.0,0.0,3.0,0.0,0.0
666,40.09217,-86.011765,141,141.0,0.0,141.0,,0.0
667,39.785838,-85.73197,180,,,,,
668,39.279777,-87.331426,865,,,,,
669,38.41323,-85.762202,37,,,,,
670,39.236997,-85.094681,405,426.0,0.0,426.0,0.0,0.0
671,41.067149,-85.067138,212,,,,,
672,41.379011,-85.669256,11,,,,,
673,41.297466,-85.199216,21,,,,,
674,41.603226,-86.279959,34,,,,,
675,38.459429,-85.535449,75,101.0,,,101.0,
676,41.39204,-85.547417,36,,,,,
677,41.358133,-87.423338,40,,,,,
678,40.508372,-85.825538,490,,,,,
679,39.03482,-87.054912,348,250.0,0.0,250.0,,0.0
680,41.424832,-85.749584,1366,1332.0,0.0,1332.0,0.0,0.0
681,41.741708,-85.660261,25,,,,,
682,40.058583,-85.898924,50,,,,,
683,39.243043,-85.896494,170,,,,,
684,37.951445,-86.767766,3450,3401.0,175.0,3226.0,0.0,5.15
685,38.082272,-87.118334,1663,,,,,
686,40.305171,-86.364842,14,14.0,0.0,14.0,0.0,0.0
687,40.71163,-86.751213,82,,,,,
688,40.129207,-86.606751,860,,,,,
689,41.272373,-85.853639,45,,,,,
690,41.700912,-85.870005,570,570.0,0.0,570.0,0.0,0.0
691,41.250832,-85.357118,20,,,,,
692,40.464946,-86.11679,70,36.0,0.0,36.0,0.0,0.0
693,40.28226,-86.041098,2362,2361.0,19.0,2342.0,0.0,0.8
694,41.52112,-85.701402,423,432.0,7.0,400.0,25.0,1.62
695,39.775754,-85.961209,695,1070.0,0.0,1070.0,0.0,0.0
696,38.126624,-85.974546,1476,1480.0,20.0,1480.0,0.0,1.35
697,39.667547,-86.75334,191,,,,,
698,39.415397,-86.150625,441,,,,,
699,39.632792,-86.320206,854,,,854.0,,
700,39.221221,-84.856417,3700,3683.0,0.0,3683.0,0.0,0.0
701,37.911445,-86.744432,280,262.0,0.0,262.0,0.0,0.0
702,37.995334,-86.797767,489,,,,,
703,41.422052,-85.651762,236,236.0,0.0,236.0,,0.0
704,41.064765,-86.215833,16,,,,,
705,41.418804,-87.236331,3124,3114.0,0.0,3114.0,0.0,0.0
706,41.639446,-85.82484,15,,,,,
707,40.19828,-84.808066,1605,,,,,
708,39.626004,-87.456122,197,,,,,
709,41.706346,-86.236201,165,150.0,0.0,150.0,0.0,0.0
710,40.475597,-85.494417,951,,,,,
711,39.524969,-87.37302,16,30.0,,30.0,,
712,39.155324,-84.831654,1895,1845.0,0.0,1845.0,,0.0
713,40.858098,-85.536502,100,,,,,
714,40.38063,-86.907408,20,,,,,
715,41.477179,-87.058172,13795,14151.0,703.0,13192.0,256.0,4.97
716,39.726766,-86.928158,321,,,317.0,,
717,40.617809,-85.505354,381,388.0,,250.0,138.0,
718,39.137965,-86.590675,2326,2340.0,0.0,2340.0,0.0,0.0
719,40.111679,-87.262688,994,962.0,1.0,,961.0,0.1
720,38.048856,-87.273627,3800,,,,,
721,39.643165,-87.399214,1,1.0,0.0,0.0,1.0,0.0
722,38.979978,-85.597337,230,280.0,0.0,280.0,0.0,0.0
723,39.070819,-85.252644,801,800.0,,,800.0,
724,38.74784,-85.067172,700,,,,,
725,40.466344,-86.133295,111,,,,,
726,38.67863,-87.529965,8241,8700.0,200.0,8500.0,0.0,2.3
727,41.53616,-86.020833,700,700.0,50.0,600.0,50.0,7.14
728,39.453272,-85.668511,256,,,,,
729,41.467121,-86.482295,854,854.0,729.0,125.0,854.0,85.36
730,40.660873,-86.24194,480,,,,,
731,41.430596,-86.898358,468,487.0,0.0,487.0,,0.0
732,40.681554,-85.427155,639,,,,,
733,41.238277,-85.851842,162,188.0,,188.0,,
734,38.563118,-85.539683,1616,,,,,
735,39.306835,-86.493528,1460,1450.0,,1450.0,,
736,38.653425,-87.169866,5370,5529.0,55.0,5454.0,20.0,0.99
737,38.294705,-85.804158,96,,,,,
738,41.418628,-87.23655,190,204.0,0.0,204.0,0.0,0.0
739,41.425895,-85.023911,738,872.0,,,872.0,
740,38.355484,-85.707537,5706,6060.0,,200.0,5860.0,
741,41.382814,-85.828934,21,,,,,
742,39.762538,-86.380367,16,,,,,
743,41.381366,-85.666761,21,17.0,0.0,,17.0,0.0
744,40.087541,-87.059731,433,,,,,
745,40.753653,-86.068881,39,,,,,
746,41.249948,-85.916118,243,,,,,
747,40.273268,-87.38661,340,,,,,
748,39.465718,-87.448979,1656,,,,,
749,39.97,-86.17,78,,,96.0,,
750,39.175885,-85.573027,645,645.0,0.0,645.0,0.0,0.0
751,41.532921,-86.91212,57,57.0,,57.0,,
752,41.540502,-86.917981,98,,,,,
753,41.54143,-86.900582,630,680.0,0.0,680.0,680.0,0.0
754,41.583447,-85.858918,198,,,,,
755,39.549766,-86.079182,1708,1706.0,0.0,1706.0,0.0,0.0
756,40.746144,-85.779613,Unknown,13.0,,13.0,,
757,40.746144,-85.779613,42,42.0,,42.0,,
758,39.950557,-86.33781,2326,2349.0,0.0,2349.0,0.0,0.0
759,41.679696,-87.49355,1517,1517.0,1158.0,159.0,200.0,76.33
760,40.435701,-86.820423,120,,,,,
761,39.178179,-87.393196,150,,,,,
762,40.286801,-87.293541,902,867.0,220.0,587.0,60.0,25.37
763,40.778939,-86.12832,24,,,,,
764,41.050842,-86.605077,1200,,,,,
765,40.363107,-85.956469,402,370.0,,370.0,,
766,41.155533,-85.83707,28,,,,,
767,39.791667,-86.885353,110,,,,,
768,38.382272,-87.212786,447,,,,,
769,40.758095,-87.041684,473,,,,,
770,41.525883,-85.366645,331,292.0,,229.0,53.0,
771,41.701401,-86.718078,50,,,,,
772,41.131319,-84.841973,853,843.0,0.0,834.0,0.0,0.0
773,39.797837,-85.942091,106,,,,,
774,40.723063,-86.132289,47,48.0,0.0,48.0,,0.0
775,40.72336,-86.128424,88,90.0,0.0,90.0,,0.0
776,41.592764,-87.192592,36,,,,,
777,39.787403,-85.143146,44,,,,,
778,40.071573,-86.470546,32,,,,,
779,40.171861,-85.500962,1859,1953.0,0.0,,1953.0,0.0
780,39.820606,-86.170089,31,,,,,
781,,,,1.0,0.0,1.0,,0.0
782,,,,48.0,,48.0,,
783,,,,6.0,,6.0,,
784,,,,1.0,0.0,1.0,,0.0
785,,,,7.0,,,7.0,
786,,,,1.0,0.0,1.0,,0.0
